imdb_id,name
tt1160419,Dune
tt4513678,Ghostbusters: Afterlife
tt5034838,Godzilla vs. Kong
tt11235772,The Voyeurs
tt10872600,Spider-Man: No Way Home
tt6334354,The Suicide Squad
tt13269536,Girl in the Basement
tt6264654,Free Guy
tt7144666,The Black Phone
tt11286314,Don&apos;t Look Up
tt9243804,The Green Knight
tt11083552,Wrath of Man
tt2382320,No Time to Die
tt6856242,The King&apos;s Man
tt6467266,Sing 2
tt3228774,Cruella
tt2953050,Encanto
tt9032400,Eternals
tt4244994,The Last Duel
tt12801262,Luca
tt10838180,The Matrix Resurrections
tt10366460,CODA
tt11214590,House of Gucci
tt7888964,Nobody
tt10954652,Old
tt12361974,Zack Snyder&apos;s Justice League
tt11847410,The Fallout
tt9376612,Shang-Chi and the Legend of the Ten Rings
tt5433138,F9
tt9421570,The Guilty
tt3480822,Black Widow
tt0870154,Jungle Cruise
tt8847712,The French Dispatch
tt7991608,Red Notice
tt7740496,Nightmare Alley
tt3581652,West Side Story
tt9777666,The Tomorrow War
tt6654210,Infinite
tt0993840,Army of the Dead
tt11271038,Licorice Pizza
tt9054192,Queenpins
tt0293429,Mortal Kombat
tt9664108,Voyagers
tt10016180,The Little Things
tt3811906,Malignant
tt8110232,The Many Saints of Newark
tt5109280,Raya and the Last Dragon
tt7097896,Venom: Let There Be Carnage
tt11003218,Pig
tt9100054,The Lost Daughter
tt10155932,Cinderella
tt9620288,King Richard
tt13024674,Army of Thieves
tt9110170,Wrong Turn
tt8114980,Willy&apos;s Wonderland
tt7979580,The Mitchells vs the Machines
tt10696896,Stillwater
tt10763820,Night Teeth
tt8385148,Hitman&apos;s Wife&apos;s Bodyguard
tt6566576,Fear Street: 1994
tt15090124,Mad God
tt4761112,The Mauritanian
tt10095582,The Tragedy of Macbeth
tt15339456,Marcel the Shell with Shoes On
tt7069210,The Conjuring: The Devil Made Me Do It
tt2076822,Chaos Walking
tt3420504,Finch
tt13069986,After We Fell
tt11233960,The Unforgivable
tt8718158,The Hating Game
tt13453006,Red Rocket
tt12536294,Spencer
tt3554046,Space Jam: A New Legacy
tt8721424,"tick, tick...BOOM!"
tt10696784,The Harder They Fall
tt7740510,Antlers
tt8338076,Queen Bees
tt3272066,Reminiscence
tt9844522,Escape Room: Tournament of Champions
tt1879016,Operation Mincemeat
tt9347730,Candyman
tt6857376,Palmer
tt9130508,Cherry
tt11196036,The Card Counter
tt11729298,American Underdog
tt1321510,In the Heights
tt6802400,Coming 2 America
tt7737528,Kate
tt9357050,Dear Evan Hansen
tt15097216,Jai Bhim
tt8368408,Gunpowder Milkshake
tt6111574,The Woman in the Window
tt3661210,The Dig
tt3626476,Vacation Friends
tt3215824,Those Who Wish Me Dead
tt12676326,Malcolm &amp; Marie
tt9244554,Last Looks
tt1361336,Tom and Jerry
tt12731980,Old Henry
tt10228134,Jolt
tt9115530,The Eyes of Tammy Faye
tt1924245,Cry Macho
tt3797512,Barb and Star Go to Vista Del Mar
tt9701940,Fear Street: 1978
tt8521876,Yes Day
tt3696180,The Forgiven
tt9784798,Judas and the Black Messiah
tt6902332,The Marksman
tt4590256,He&apos;s All That
tt6246322,Don&apos;t Breathe 2
tt6079772,The Protégé
tt0499097,Without Remorse
tt11832046,PAW Patrol: The Movie
tt8376234,Peter Rabbit 2: The Runaway
tt8404256,Snake Eyes: G.I. Joe Origins
tt10342730,Spiral: From the Book of Saw
tt9203694,Stowaway
tt12680684,È stata la mano di Dio
tt10665338,Halloween Kills
tt11656220,Midnight in the Switchgrass
tt10962368,Things Heard &amp; Seen
tt10333426,Bliss
tt13575806,Back to the Outback
tt6402468,Blood Red Sky
tt10731768,Sweet Girl
tt7475578,Munich: The Edge of War
tt9907782,Eight for Silver
tt6932874,The Boss Baby: Family Business
tt10418662,Awake
tt5748448,Copshop
tt9419056,The Unholy
tt3108894,The Tender Bar
tt14199590,One Shot
tt12636872,Karen
tt2397461,Clifford the Big Red Dog
tt11525644,No Sudden Move
tt3758814,The Ice Road
tt8633464,After Yang
tt4876134,The Misfits
tt7885428,Chompy &amp; the Girls
tt5563324,Intrusion
tt10327252,The Forever Purge
tt4995540,Being the Ricardos
tt15331462,Planet Dune
tt2231874,You Belong to Me
tt10986222,C&apos;mon C&apos;mon
tt6338498,Vivo
tt9173154,Separation
tt12783454,The Kissing Booth 3
tt10362566,The Exorcism of God
tt5562070,Wish Dragon
tt10752004,Love Hard
tt10691162,Aftermath
tt10265034,Land
tt9288692,Werewolves Within
tt7541720,Music
tt6571548,The White Tiger
tt6341832,Oxygène
tt11080108,The Map of Tiny Perfect Things
tt10121392,Thunder Force
tt13722764,Downfalls High
tt7897330,"Dark Places, Deadly Illusions"
tt7504818,Ron&apos;s Gone Wrong
tt9274670,13 Minutes
tt11657662,The Witcher: Nightmare of the Wolf
tt11804152,Till Death
tt9098872,The Rescue
tt9701942,Fear Street: 1666
tt10515988,Paranormal Activity: Next of Kin
tt11649338,Black Friday
tt10925852,A Mouthful of Air
tt13133936,Lakewood
tt11188154,WeWork
tt8760670,Mona Lisa and the Blood Moon
tt6432466,Moxie
tt6372694,Prisoners of the Ghostland
tt15174116,Dashcam
tt11790780,The Alpinist
tt13648224,We&apos;re All Going to the World&apos;s Fair
tt10023022,Clean
tt13656980,Montana Story
tt14867006,V/H/S/94
tt4733624,Fatherhood
tt13207508,Swan Song
tt10332588,Finding &apos;Ohana
tt12383460,Hypnotic
tt13061914,Locked Down
tt8150814,There&apos;s Someone Inside Your House
tt6852178,Benediction
tt6992978,The Souvenir: Part II
tt12889404,Cyrano
tt11084896,Spirit Untamed
tt8399288,Memoria
tt11762434,Cosmic Sin
tt10101702,My Little Pony: A New Generation
tt11307724,John and the Hole
tt11165716,North Hollywood
tt11160650,On the Count of Three
tt10037014,Fear of Rain
tt11304504,Catch the Fair One
tt9242528,The Survivor
tt8241000,Extinct
tt5078852,Lansky
tt9098454,The Girl Who Believes in Miracles
tt9684220,Bad Trip
tt11125620,The Addams Family 2
tt5164438,The Starling
tt8893974,Passing
tt10451914,Outside the Wire
tt11121664,Blue Bayou
tt3876910,Dangerous
tt10676012,To All the Boys: Always and Forever
tt7646322,Shookum Hills
tt4940336,Risen
tt3986420,Trust
tt5012504,Injustice
tt13429362,In the Earth
tt11131464,The Novice
tt6714432,The Loud House
tt7050946,American Traitor: The Trial of Axis Sally
tt13648228,How It Ends
tt13029044,Mother/Android
tt2452150,Respect
tt8482584,12 Mighty Orphans
tt10521144,Nightbooks
tt10023286,The Humans
tt11844812,Oh My Darling
tt8337158,Rumble
tt10096842,False Positive
tt11155912,The Ravine
tt4136456,The Virtuoso
tt11388278,A Week Away
tt8635092,Everybody&apos;s Talking About Jamie
tt13392012,Demonic
tt14324650,"Batman: The Long Halloween, Part One"
tt8430054,Flugt
tt10719958,The Birthday Cake
tt10314548,Heart of Champions
tt12838276,Asteroid
tt11398346,Strawberry Mansion
tt11012066,Home Sweet Home Alone
tt13363828,We Need to Do Something
tt8956324,Warning
tt11389748,Mass
tt7937254,Silk Road
tt13372794,The Manor
tt14577300,Fortress
tt8231668,Good on Paper
tt8521718,The United States vs. Billie Holiday
tt14079374,14 Peaks: Nothing Is Impossible
tt8434110,Murina
tt14539744,"Bob Ross: Happy Accidents, Betrayal &amp; Greed"
tt11742798,Afterlife of the Party
tt2304637,Flag Day
tt14490832,Gone Mom
tt1697800,Die in a Gunfight
tt3097396,What Josiah Saw
tt9789042,Small Engine Repair
tt4439620,Redemption Day
tt11271800,Mayday
tt7084386,Blue Miracle
tt13507778,No Man of God
tt12851396,Trollhunters: Rise of the Titans
tt9598214,Naked Singularity
tt11263022,The Seventh Day
tt10715446,Yakuza Princess
tt12861508,Survive the Game
tt11505680,Death Rider in the House of Vampires
tt13834480,Diary of a Wimpy Kid
tt13432484,Zeros and Ones
tt6733874,America: The Motion Picture
tt12800524,Encounter
tt14673560,Ride the Eagle
tt13265876,Apex
tt9864800,Like Dogs
tt3104956,The Good House
tt10207710,The Gateway
tt3006472,Edge of the World
tt13889602,Last Survivors
tt7638556,Come from Away
tt11788956,Habit
tt11285280,Together Together
tt11252460,King Knight
tt8110246,Dark Web: Cicada 3301
tt13964404,Horror in the High Desert
tt10160974,Witch Hunt
tt11173544,JFK Revisited: Through the Looking Glass
tt14402926,"Batman: The Long Halloween, Part Two"
tt8128276,Ted K
tt11188624,Seance
tt3885422,The Spine of Night
tt6550808,The Cleaner
tt14405338,A House on the Bayou
tt10832274,Swan Song
tt12929990,Resort to Love
tt10703978,The Free Fall
tt1800393,The Last Son
tt13309978,Superhost
tt14035292,Kid 90
tt12483708,Doors
tt13172796,Plan B
tt7524444,The House Next Door
tt7737640,Breaking News in Yuba County
tt8435002,Great White
tt8521736,Flora &amp; Ulysses
tt14538850,Ted Bundy: American Boogeyman
tt12163074,The Resort
tt0995854,A Journal for Jordan
tt11771006,Birds of Paradise
tt12528166,Out of Death
tt11261830,The Retaliators
tt14731254,Val
tt10430850,Rushed
tt14905650,Hellbender
tt9815554,Not to Forget
tt21445686,Batman: The Long Halloween
tt11738830,The Beta Test
tt8551680,Trunkfish
tt14731142,The Princess Switch 3: Romancing the Star
tt11422728,"Summer of Soul (...Or, When the Revolution Could Not Be Televised)"
tt14182228,Tenant
tt14265992,Aileen Wuornos: American Boogeywoman
tt13804084,Justice Society: World War II
tt6852672,Violet
tt11540284,8-Bit Christmas
tt6588950,Senior Moment
tt13070602,A Castle for Christmas
tt5932368,Vanquish
tt11908982,Jakob&apos;s Wife
tt14152756,Seaspiracy
tt14450978,Dune World
tt11188206,15 Minutes of Shame
tt11700754,Mayberry Man
tt8456190,Seal Team
tt10944596,Here Today
tt8545482,Zone 414
tt13694706,The Survivalist
tt14850172,Asking for It
tt11377298,Castle Falls
tt8354726,Walk with Me
tt11242718,The Last Victim
tt14516188,Ape vs. Monster
tt14174506,Meteor
tt11423214,Girl Next
tt13182756,The Most Reluctant Convert
tt8674464,Escape from Death Block 13
tt12466240,Skinwalker
tt11284502,South of Heaven
tt11944928,Red Stone
tt10712928,Stars Fell on Alabama
tt15358226,New York Ninja
tt12302540,Wicked
tt14901058,Mortal Kombat Legends: Battle of the Realms
tt11123012,The Secret of Sinchanee
tt9849004,Happily
tt10841088,Riverdance: The Animated Adventure
tt14061478,Lamb of God: The Concert Film
tt13352838,Break Every Chain
tt7230750,The Velvet Underground
tt9585676,Body Brokers
tt3826828,Lust Life Love
tt14494586,7 Days
tt7099280,Needle in a Timestack
tt5624466,Son
tt14402302,Accidental Family
tt13496236,American Siege
tt13863334,Endangered Species
tt14315756,Single All the Way
tt11348542,Agnes
tt4520920,Crabs!
tt13033424,Buried: The 1982 Alpine Meadows Avalanche
tt4554690,The Automat
tt10661710,Born a Champion
tt8610436,The Sparks Brothers
tt6523526,Last Call
tt15141288,"If I Can&apos;t Have Love, I Want Power"
tt13322120,American Sicario
tt13862974,Steven Kan&apos;s Sharks of the Corn
tt11020728,Long Weekend
tt11641654,Gabriel&apos;s Rapture: Part One
tt13141496,Our (Almost Completely True) Love Story
tt9352356,The Djinn
tt10083174,The Stairs
tt7325622,18½
tt11459366,Billie Eilish: The World&apos;s a Little Blurry
tt14253138,Mistletoe Mixup
tt9077876,13 Fanboy
tt13081358,Dead in the Water
tt14512538,Roadrunner: A Film About Anthony Bourdain
tt7743120,This Is the Night
tt10957044,Deadlock
tt10919240,Malik
tt6852526,The God Committee
tt7975192,Hide and Seek
tt14604564,Robot Apocalypse
tt13470094,Never Back Down: Revolt
tt5737388,The Accursed
tt11859012,The Girl Who Got Away
tt12574708,A Savannah Haunting
tt8889818,Stowaway
tt9804272,Crime Story
tt14257552,Alien: Battlefield Earth
tt3859466,Triumph
tt10730376,The Penthouse
tt11826450,Lady of the Manor
tt14547524,National Champions
tt13863968,The Wisdom of Trauma
tt14277840,Black Easter
tt14578032,God&apos;s Not Dead: We the People
tt13892558,"Mon père, le diable"
tt12538996,On Our Way
tt14293072,Blueberry
tt11844456,Massacre Academy
tt15388610,Zoey&apos;s Extraordinary Christmas
tt11433048,Wild Indian
tt12661314,Far More
tt15353166,Switched Before Birth
tt12989912,Ultrasound
tt3717822,Church People
tt9038678,East of the Mountains
tt14214670,Night Caller
tt12496582,Devil&apos;s Island
tt15868154,Fruitcake Fraud
tt4012916,Green Ghost and the Masters of the Stone
tt10601552,Slapface
tt14076114,The Amityville Moon
tt10375916,Blindsided
tt15167316,All the World Is Sleeping
tt10963926,Two Witches
tt13067292,Rogue Hostage
tt13891338,Funny Thing About Love
tt13050400,Secret Society
tt11448490,Masquerade
tt13387604,Ternet Ninja 2
tt9471660,Distancia de rescate
tt1587420,Mixtape
tt15214902,Love in Aruba
tt8510196,The Dead of Night
tt14550450,Flowers and Honey
tt15195272,Baby Oopsie
tt12832916,Red Woods
tt8129682,Phobias
tt13361442,Last of the Grads
tt9681686,Chhello Show
tt11410238,"Goodbye, Butterfly"
tt11151336,Broadcast Signal Intrusion
tt13622118,Cryptozoo
tt10899402,Hideout
tt3301314,Dr. Bird&apos;s Advice for Sad Poets
tt15119154,Life of Crime 1984-2020
tt16124786,The Great Gatsby Live!
tt11316680,Trees of Peace
tt13924672,Apache Junction
tt4135418,Burning at Both Ends
tt14505430,Ascension
tt12226872,The Scary of Sixty-First
tt7868082,Charming the Hearts of Men
tt6633704,My Body Is Not Obscene
tt12885852,Batman: Soul of the Dragon
tt9741180,The Last Thing Mary Saw
tt11867884,We Broke Up
tt10366574,Noche de fuego
tt8399720,Tina
tt14151720,For the Love of Money
tt14445134,A Cinderella Story: Starstruck
tt9893084,Italian Studies
tt11454320,Offseason
tt15463392,Stripped: Las Vegas
tt11907624,Courting Mom and Dad
tt10804210,Where&apos;s Rose
tt14134070,Alien Conquest
tt10193752,The Real Charlie Chaplin
tt15404468,"Finding Love in Big Sky, Montana"
tt17022058,The History of Easter
tt5693182,Creation Stories
tt14973630,Swim
tt8371236,Playing God
tt13454228,Every Last One of Them
tt5886520,The Runner
tt13938338,Woodlands Dark and Days Bewitched: A History of Folk Horror
tt6964940,Skater Girl
tt3513522,Potato Dreams of America
tt14034868,The Resonator: Miskatonic U
tt10047958,Bad President
tt12657454,Station to Station
tt5821728,Lazarus
tt6499392,Landfill
tt14102146,Haunted Trail
tt12951846,Devil&apos;s Triangle
tt11799110,Take Back
tt10572658,Collection
tt8844062,Tomorrow&apos;s Today
tt10959454,Bloody Summer Camp
tt11902024,No Future
tt5559526,Hubcap
tt11388416,Ida Red
tt13491628,Identical Love
tt12624584,Untitled Horror Movie
tt11880264,Lantern&apos;s Lane
tt15141632,Hell Hath No Fury
tt9382172,Dreamcatcher
tt9670414,Flinch
tt12959754,The Awakening of Emanuelle
tt10896398,Boogie
tt13632182,Christmas at the Ranch
tt11876896,Torn
tt14507448,Waiting for Godot
tt14849138,Blue Moon Ball
tt15225976,Deadware
tt10533804,Let Us In
tt8786654,Payback
tt14807808,The Housewife and the Hustler
tt13296032,Dinosaur Hotel
tt9075038,Fear and Loathing in Aspen
tt14220466,Handshake
tt10313806,Why?
tt11378876,The Blazing World
tt14911244,Jagged
tt2914760,Malibu Road
tt13049516,Rose Blood: A Friday the 13th Fan Film
tt8466482,Before I Go
tt13684314,Baking Up Love
tt13932162,"Hansel, Gretel i Agentstvo Magii"
tt11873472,Neptune Frost
tt11935566,Smyrni mou agapimeni
tt10737358,No Running
tt4511054,Attraction to Paris
tt14031338,Language Lessons
tt5738280,Dutch
tt29430934,Saw IX
tt10333688,Incantation
tt12496552,Super Hot
tt11646342,Escape from Area 51
tt10287908,Spring
tt20258070,Alien Predator War
tt10022782,Everything I Ever Wanted to Tell My Daughter About Men
tt10555544,Ring of Desire
tt9009826,Send It!
tt11053476,Conductor
tt10126040,The Exchange
tt11612890,Night Night
tt14629580,Killer Movie: Director&apos;s Cut
tt15094392,Happier Than Ever: A Love Letter to Los Angeles
tt4600982,Women
tt9847360,A Glitch in the Matrix
tt11436498,Val
tt14169248,Resurrection
tt13701962,A California Christmas: City Lights
tt11737466,American Insurrection
tt7632008,Americanish
tt12064810,Assault on VA-33
tt14418138,True to the Game 3
tt14442328,Jurassic Hunt
tt16162114,Ghostwriter
tt9735790,Me You Madness
tt11170742,The Winter House
tt14928512,The Wizard of Oz
tt12503602,Death Link
tt10022716,Howard&apos;s Mill
tt6384920,Under the Stadium Lights
tt10746060,The Mad Hatter
tt13124286,Rise of the Scarecrows: Hell on Earth
tt3827998,Promise
tt6439792,Locked In
tt15132736,Horror Noire
tt14525460,Just What the Doctor Ordered
tt13788842,2025: The World Enslaved by a Virus
tt8354582,Deadly Switch
tt11175956,Poser
tt11783786,Reunion from Hell
tt14804080,Jungle Run
tt6570098,AINBO: Spirit of the Amazon
tt8657270,F.E.A.R.
tt13930830,Pure Grit
tt5616212,Trafficked: A Parent&apos;s Worst Nightmare
tt15520020,Four Hours at the Capitol
tt11758792,Reloaded
tt14508380,Don&apos;t Let Her In
tt13583144,The Minimalists: Less Is Now
tt8740898,The Space Between
tt6666354,Take Back the Night
tt6468842,The Enormity of Life
tt5696066,6:45
tt13834078,Down with the King
tt2193173,With/In: Volume 2
tt11832624,"Mark, Mary &amp; Some Other People"
tt6268324,The American Connection
tt16444610,Megaboa
tt15245738,The Holiday Fix Up
tt14264844,P!nk: All I Know So Far
tt7539904,Rhino
tt13372992,Bingo Hell
tt11886384,Land of Dreams
tt10799922,Painkiller
tt11474972,Death Alley
tt1695783,Hot Water
tt2241557,Shoplifters of the World
tt8245526,Once I Was Engaged
tt12802708,With/In
tt15412828,Holes in the Sky: The Sean Miller Story
tt8170998,Miami Heat
tt15721032,Adrienne
tt12989294,The Andy Baker Tape
tt12862516,Porcupine
tt13651858,Safer at Home
tt14442616,Cruel Summer
tt14026786,Dancing on the Dark Side of the Moon
tt7682204,Out of Time
tt16611138,War of the Worlds: Annihilation
tt4480774,Uploaded
tt15078318,Streams
tt11224358,Pray Away
tt9033102,Fallen Angel: Call Sign - Extortion 17
tt11840988,Antidote
tt15575214,The Toolbox Killer
tt11591424,The Stay
tt15427420,H.P. Lovecraft&apos;s Witch House
tt15185642,Dead Asleep
tt14111734,Operation Varsity Blues: The College Admissions Scandal
tt13372944,Madres
tt11105376,The Bewailing
tt6704894,Montford: The Chickasaw Rancher
tt10951288,Just Noise
tt10528948,Hero Mode
tt7798990,Jason Rising: A Friday the 13th Fan Film
tt15186426,The Fight Before Christmas
tt8689290,The Alpines
tt13686748,Sin
tt12373414,Superior
tt15040634,Alone with You
tt15285682,Star-Crossed: The Film
tt13658076,The Cathedral
tt8999904,House of Glass
tt15298578,Nightride
tt13372884,Black as Night
tt7600742,"Hallelujah: Leonard Cohen, a Journey, a Song"
tt3982212,Saving Paradise
tt15684426,Treat
tt9690790,Paradise Cove
tt13622108,"Civil War (or, Who Do We Think We Are)"
tt11409750,Camp Murder
tt12734478,Blood Brothers
tt10225926,616 Wilford Lane
tt10482844,Time Now
tt1998389,American Dream
tt12605348,Fight
tt8635134,Earth Has Fallen
tt15010478,9/11: Inside the President&apos;s War Room
tt15295912,Megalodon Rising
tt7974634,Koati
tt14773990,The Year of the Everlasting Storm
tt14486338,Veronika
tt15017552,Chosen
tt10116022,Man vs Bigfoot
tt10539172,While We Sleep
tt6173712,Caged
tt11685140,Strix
tt15772866,Christmas with the Chosen: The Messengers
tt11080042,A Hard Problem
tt14769324,Show Me the Father
tt11186952,Ghosts of the Ozarks
tt13098066,When Men Were Men
tt13835046,Aquarium of the Dead
tt10072662,Il materiale emotivo
tt11614548,Fourth Grade
tt10868922,The Influencer
tt14024862,Dumb &amp; Dahmer
tt12885272,Diana
tt9378672,Brian Wilson: Long Promised Road
tt7184122,Blood Pageant
tt10457168,My Fiona
tt9896876,India Sweets and Spices
tt15241706,Noah&apos;s Shark
tt6932148,Father of Flies
tt10514932,Ageless Love
tt11311754,This Game&apos;s Called Murder
tt14063186,The Wheel
tt11833710,Catch the Bullet
tt11379584,Luzzu
tt14955166,He Played Me
tt12637442,Clara Sola
tt6344584,Pups Alone
tt14961110,Night of the Animated Dead
tt13559026,Jockey
tt13787118,"Strip Down, Rise Up"
tt14006530,The J Team
tt8096844,Fengkuang de quantou
tt10364272,Alienated
tt13848128,Recovery
tt3910154,Traces
tt8582056,High Holiday
tt12752256,Along Came Wanda
tt4078934,LandLocked
tt15047244,The Same Storm
tt12617712,An Unknown Compelling Force
tt15293256,The River Runner
tt6120354,Mummy Dearest
tt8079664,Howl
tt11346000,Dean Martin: King of Cool
tt11863394,Heartprints in the Snow
tt3996192,No Land&apos;s Man
tt10368680,Below the Fold
tt16252560,Capitol Punishment
tt15469820,Britney vs Spears
tt16154112,The Forever Prisoner
tt11760236,Claw
tt13978006,The Wedding Trip
tt15196632,Dickless Zombies
tt10926320,Dating &amp; New York
tt14773112,Dark Blood
tt15708520,Behind Closed Doors
tt14502754,The Wrong Sarah
tt15239868,Monster in the Shadows
tt13667516,Dashcam
tt10068716,Let Me Be Frank
tt10726148,Ninety Sunsets
tt13057076,Battle in Space: The Armada Attacks
tt14271038,I Love Us
tt16994102,American Mafia: The Rise and Fall of Organized Crime in Las Vegas
tt4181232,Snakehead
tt12058582,Demigod
tt9149548,Blood-Red Ox
tt1461238,Kurt Vonnegut: Unstuck in Time
tt13430932,Dawn of the Beast
tt10810850,The Fabulous Filipino Brothers
tt11033942,Bookworm and the Beast
tt9024096,Women Is Losers
tt14460090,A Playful Romance
tt9127820,Custer&apos;s Strategy of Defeat
tt15262632,A Stalker in the House
tt10448458,Sometime Other Than Now
tt13391444,The First Wave
tt6385680,I Am Mortal
tt9786896,Implanted
tt2084952,Tango Shalom
tt3910630,Grace and Grit
tt10773194,My Dead Dad
tt15845768,A Haunting in Ravenwood
tt6901648,The Eden Theory
tt16433456,When the Tables Turn
tt13022214,The Elevator
tt9379530,Max Bishop
tt13456656,Superstars: The Extended Version
tt10216812,Bloody Nun 2: The Curse
tt11492176,Inbetween Girl
tt8778296,Just Another Dream
tt10160896,Domino: Battle of the Bones
tt15683748,The Girl in Cabin 13: A Psychological Horror
tt14598156,Cain and Abel
tt10988894,What?
tt12581128,Midnight Screening
tt12752246,Double Walker
tt10134812,Let Me Be Me
tt18351128,The Amazing Spiderman 2 Webb Cut
tt13223248,Queen of the Amazon
tt14857602,The Jesus Music
tt13401252,Christmas in the Pines
tt9898844,The Hunting
tt1739305,Symphoria
tt11272066,Unknown Dimension: The Story of Paranormal Activity
tt13989524,Absolute Proof
tt2141809,Lie with Me
tt14433246,Level
tt11847606,Honey Girls
tt8936792,Alternate Ground
tt11166512,40-Love
tt11296142,Downeast
tt12643356,Single Mother by Choice
tt14910836,Borrowed Future
tt8897874,First Date
tt6272854,Foxhole
tt13871364,The Way
tt15248582,Trust Nobody
tt14488222,Operation Overlord
tt8356450,The United States of Insanity
tt14253862,The Gingerweed Man
tt2401814,The Loneliest Whale: The Search for 52
tt13978610,Bigfoot Exorcist
tt12362248,Christmas vs. The Walters
tt14058484,Biggie: I Got a Story to Tell
tt5538612,Maya &amp; Her Lover
tt15287952,Forever Golden! A Celebration of the Golden Girls
tt13497908,The Rebels of PT-218
tt15753666,Puff: Wonders of the Reef
tt14318430,Why Did You Kill Me?
tt14837960,Bright: Samurai Soul
tt7530340,Brighton 4th
tt15006276,Bigfoot Famous
tt8783130,Venus as a Boy
tt14404882,King Otto
tt10805906,Vex
tt14532974,Deadly Passion
tt10413092,Hope&apos;s Legacy
tt5518158,Mount Adams
tt13616400,Just Swipe
tt15157354,#Unknown
tt13828966,Night at the Eagle Inn
tt8716196,Sabina: Tortured for Christ - The Nazi Years
tt10355058,Secret Agent Dingledorf and His Trusty Dog Splat
tt15208648,Black Lies
tt14219458,Farm to Fork to Love
tt11348164,Iké Boys
tt11454278,When I Consume You
tt15489206,My Struggle
tt11990460,Lockdown
tt8404998,The Tenant
tt3322896,Coast
tt14638362,Broken Harts
tt10192704,My True Fairytale
tt3963674,Insight
tt11131918,Everything in the End
tt9476430,The Manson Brothers Midnight Zombie Massacre
tt9178190,Maysville
tt12023002,Color Box
tt13517842,Live at Mister Kelly&apos;s
tt10613030,Sam &amp; Mattie Make a Zombie Movie
tt3635846,The Pizza Joint
tt11268742,The Ultimate Playlist of Noise
tt12680102,Ebola Rex
tt15362796,Steps of Freedom
tt9748424,Voodoo Macbeth
tt7988412,Princess Cut 2: Hearts on Fire
tt14810616,The Slow Hustle
tt16051820,Who Saw the Men in Black
tt15327382,Flesh
tt15390552,Dragonfly Boy
tt7536726,Soulmates
tt22465864,The Girl Behind the Door
tt13820428,Witnesses
tt16416360,"The Murder of Gabby Petito: Truth, Lies and Social Media"
tt14779306,Mission: Joy - Finding Happiness in Troubled Times
tt13846544,La caja
tt19358594,The Cosmic Hoax: An Expose
tt13649700,"Crack: Cocaine, Corruption &amp; Conspiracy"
tt13840624,Waterman
tt14873410,Jurassic Shark 2: Aquapocalypse
tt14623242,Reflection: a walk with water
tt6032692,Notorious Nick
tt11226258,Playing with Sharks: The Valerie Taylor Story
tt7851428,First Signal
tt14539726,Breaking Boundaries: The Science of Our Planet
tt13772442,The End of Us
tt19872770,Hell on the Shelf
tt15364098,American Gangster Presents: Big 50 - The Delrhonda Hood Story
tt10687016,Asbury Park
tt7740204,Exodus
tt11609250,Backwoods Bubba (Full movie)
tt10990188,Scare Us
tt13085876,Star Trek Renegades OMINARA
tt11608494,Zero Avenue
tt12788368,El Planeta
tt12204492,Mommune
tt13157722,"Ma Belle, My Beauty"
tt11383050,The Alternate
tt10037934,One Moment
tt14444416,Fresh Hell
tt13891980,Favorite Son
tt7752100,Digging to Death
tt12763660,A Christmas Sunset
tt14266534,Buck Breaking
tt14030526,"Introducing, Selma Blair"
tt7211648,Shook
tt11853308,Dinner Party
tt13782428,Julia
tt3890456,Queen of Glory
tt15831226,Tom and Jerry: Cowboy Up!
tt4003022,A Sexplanation
tt14107670,OnlyFans: Selling Sexy
tt6850670,The Killers Next Door
tt14301292,Future People
tt13648216,Faya Dayi
tt15084278,Crusaders: Ex Jehovah&apos;s Witnesses Speak Out
tt12059016,Red Snow
tt10342228,The Shipment
tt11885576,Magic in Mount Holly
tt9562564,The Shuroo Process
tt10334438,Becoming Cousteau
tt8514632,Killer Rose
tt6736300,Haymaker
tt15190622,Finding Kendrick Johnson
tt13110506,The United States of Horror: Chapter 1
tt14459796,Acts of Love
tt9645476,Wildcat
tt10308502,An Intrusion
tt13831584,Icon
tt3659284,The Blackout Experiment
tt13944728,Finding Jesus 2
tt9129136,Year of the Detectives
tt11833670,Last Shoot Out
tt14191916,Twice Bitten
tt7391064,Petersburg
tt13571090,Aperture Kids and the Mysterious Neighbor
tt7115168,The Underground
tt3384930,Tom Six and the Insanity of Making Another Movie
tt13648230,In the Same Breath
tt13268214,B-Boy Blues
tt6866062,Heart of the Gun
tt11166750,She Watches from the Woods
tt10384456,Terror Trips
tt14096564,Lockdown 2025
tt18751116,The Collapse: The True Story of the Queen Isabella Causeway Collapse
tt11146072,Behemoth
tt10078904,Jaws of Los Angeles
tt14173880,Persona: The Dark Truth Behind Personality Tests
tt16742890,Heretic
tt13827446,Workhorse Queen
tt15385930,Justin Bieber: Our World
tt8804830,HellKat
tt15138130,The Noise in Music
tt13198192,Kendra and Beth
tt6820128,The Right One
tt13622130,Fathom
tt15385142,Cadejo Blanco
tt10195722,Highway 1
tt10016152,Mr Nelson on the North Side
tt14556184,American Refugee
tt6326182,Senior Entourage
tt15007416,Not Broken
tt14113436,Leprechaun&apos;s Rage
tt4539898,Blame
tt15467394,Paper Heart
tt9085008,Human Resources
tt4732794,Abaddon
tt4939232,The Brezinski Project
tt12728842,The Hike
tt13622074,"All Light, Everywhere"
tt15214386,Underdog
tt13879908,North Korea: Inside the Mind of a Dictator
tt3195192,Journey to Royal: A WWII Rescue Mission
tt13964002,The Fear Footage: 3AM
tt14764736,Attention Attention
tt10487912,Project Pay Day
tt14157218,In the Shadow of 9/11
tt15033482,Wicked Games
tt13050216,Love Is on the Air
tt11878266,Adventures in Success
tt13031460,The Healing Garden
tt9055374,Age of Stone and Sky: The Sorcerer Beast
tt15767652,Save Me from Everything
tt14450630,What Drives Us
tt17824602,What the Hell Is It This Time? Sparks Live in London
tt13924976,Gaslighting
tt4109242,Terror Eyes
tt12706768,Life in a Day 2020
tt4908254,The Illegal
tt14727116,The Fiend
tt11827282,Even in Dreams
tt14127738,The Sleepless Unrest: The Real Conjuring Home
tt16867902,A Spy Movie
tt8075402,Room 9
tt11904878,A Deadly Bridenapping
tt13391202,Shark Huntress
tt10741846,Rita Moreno: Just a Girl Who Decided to Go for It
tt13117720,Stay
tt9378658,Some of Our Stallions
tt9050186,A New Lease on Christmas
tt14090188,Time to Duel
tt13648160,Try Harder!
tt12759142,Charli XCX: Alone Together
tt15789514,Into the Night
tt12926794,Shelter in Place
tt12408808,Clairevoyant
tt11157998,Angel Mountain
tt11832792,Echoes of the Empire: Beyond Genghis Khan
tt13997634,Bad Girls
tt11741044,I Was a Simple Man
tt5203292,Octagon
tt15138970,Harland Manor
tt14289970,Hunting Bigfoot
tt13978498,The Red Nightmare
tt13315004,Alone
tt11389868,Marvelous and the Black Hole
tt16297126,Drowning in Potential
tt4372326,Faceless
tt6484398,Broken Diamonds
tt7777924,Daisy Derkins and the Dinosaur Apocalypse
tt5969070,Samland
tt9217296,Donny&apos;s Bar Mitzvah
tt16433744,Beanie Mania
tt14030682,Who We Are: A Chronicle of Racism in America
tt10229068,Birdie
tt14622962,Bitchin&apos;: The Sound and Fury of Rick James
tt15439652,Traveling Light
tt11151768,The Parker Sessions
tt15095938,Blood Brothers: Malcolm X &amp; Muhammad Ali
tt12330184,R#J
tt3994282,Slashening: The Final Beginning
tt14030266,Tom Petty Somewhere You Feel Free
tt9363502,Last Night in Rozzie
tt15079084,Homebody
tt13924374,Mutant Vampires from the Planet Neptune
tt10645852,Chronicles of the Anunnaki
tt5618690,Street Gang: How We Got to Sesame Street
tt4853244,Rickshaw Girl
tt13602526,Her Deadly Boyfriend
tt14965578,Beba
tt10719764,All Gone Wrong
tt15658446,The Baby Boomer Dilemma
tt14174586,Miracle Valley
tt9896768,The Immortal Wars: Rebirth
tt15533042,Keep Sweet
tt8170712,Redeemed
tt7895844,Come Find Me
tt10820008,Unchained
tt15680974,Taller Than the Trees
tt7870548,Quartz Vein
tt11999602,Actual People
tt7317866,The Blacklight
tt7645102,Burial Ground Massacre
tt13445330,Recipe for Abduction
tt12906702,Harvey
tt12823084,River
tt15131600,You Resemble Me
tt12767100,Grave Intentions
tt16249370,Girl Finds Out She&apos;s Adopted
tt13459366,Hodge and the Lost Easter Egg
tt14802300,The Death of Batman
tt14180764,Eggs
tt12978036,Dinosaur Train: Adventure Island
tt17602714,Between Me and You
tt15368284,Fair Play
tt8065292,Bashira
tt11877948,Cupid for Christmas
tt2243377,Left Behind
tt11379572,La colline où rugissent les lionnes
tt13983972,The Seance
tt9275848,The Bunny Man
tt9051162,Spiked
tt9819258,Texas Red
tt13660118,He Said She Said
tt27358770,The Blair Rabbit Project
tt7172590,Holy Emy
tt9647880,Weekend Warriors
tt13156200,Buckskin
tt14494520,As of Yet
tt11260886,The Christmas Dance
tt10042868,Generation Wrecks
tt5327828,Scarf Face
tt14302272,Taboo 3: The Unforgettable Act
tt16224542,They&apos;re Trying to Kill Us
tt12163662,Mind Games
tt13984924,Fauci
tt12385296,Acid Test
tt13459078,The Golden Goose
tt10826774,Disfluency
tt14395694,"Love, Charlie: The Rise and Fall of Chef Charlie Trotter"
tt13729678,Bigfoot vs Megalodon
tt22542974,The Stacey Stacey Story: Hell in My Life
tt18245954,No Such Thing as Loyalty
tt14035044,Pick a Side
tt5059690,iGilbert
tt3062558,Something About Her
tt12804904,Self Isolated
tt11851884,Hands Up
tt9248000,Distancing Socially
tt13400482,Rust Belt Driller
tt3874520,Leda
tt12221824,After Masks
tt8618972,The Darkness of the Road
tt11115706,They/Them/Us
tt8537296,Last Call in the Dog House
tt8350100,The Last Frankenstein
tt7510166,Entanglement
tt15119666,Atlantide
tt14999558,Anything But Christmas
tt7575118,Blood Conscious
tt9543092,Eye Without a Face
tt9765840,Lena and Snowball
tt9412088,Todd
tt16030196,Coins Forever
tt14902974,Driver
tt12487320,I&apos;m Not Him
tt10069166,Marfa
tt11547828,Echoes of Violence
tt13399406,Triassic Hunt
tt16379224,137 Shots
tt16125656,The Rise and Fall of LuLaRoe
tt11096780,Deck the Heart
tt13298578,The Fall of the House of Usher
tt11051846,The Boonies
tt13562458,Missing Twin
tt11101622,Plantados
tt7539040,Every Single Someone
tt10872080,86 Melrose Avenue
tt12233874,Oro Arrowhead
tt10724982,The Haddonfield Nightmare
tt8079790,Four Cousins and a Christmas
tt13803246,Most Wonderful Time
tt9296590,Alpha Rift
tt12889912,Instant Karma
tt14209088,Share or Die
tt15739928,Dangerous Snow Day
tt10942166,FP3: Escape from Bako
tt13899082,Conflicted
tt9191700,Know Fear
tt4435664,Shot in the Dark
tt2398276,Rock Paper Scissors
tt15437042,Curious George: Cape Ahoy
tt8192134,Not Alone
tt14063688,Harper
tt3768902,Debbie and the Devil
tt12687608,Benedict Arnold: Hero Betrayed
tt9023894,Final Frequency
tt7765850,Walking with Herb
tt11033046,Blood Born
tt11389120,The Falconer
tt14299618,Bitterbrush
tt14300912,Procession
tt7986276,Made in Chinatown
tt12499740,A Message from Brianna
tt11487036,The Pilgrim
tt10617192,Once Upon a Lifetime
tt2332535,Good Thief
tt4813116,She Was the Deputy&apos;s Wife
tt14783560,Vice Versa: Chyna
tt15052172,Madame X
tt4827896,Lost Outlaw
tt16117078,Days of Our Lives: A Very Salem Christmas
tt14488886,Paper &amp; Glue
tt13197764,Fear PHarm 2
tt1207641,Broken
tt11279862,Red Pill
tt13281312,"Wrong Place, Wrong Time"
tt10061464,Gunpoint
tt13808364,Dear Best Friend
tt9163782,Fate&apos;s Shadow: The Whole Story
tt8227610,Mouse
tt11333938,Bad Cupid
tt11666128,Potter&apos;s Ground
tt14577152,A Match Made at Christmas
tt13803242,The Last One
tt11528750,South by Southwest
tt15766576,A Man Named Scott
tt14621038,The Last House on the Street
tt13858750,Bulldozer
tt11092594,My Name Is Pauli Murray
tt14513172,Poker Run
tt13033790,Hostage House
tt3543964,The Business of Birth Control
tt11328534,Drive All Night
tt14147982,The Magic
tt14636620,First Lady 3
tt15392020,26th Street Garage: The FBI&apos;s Untold Story of 9/11
tt11121174,Beyond Paranormal
tt6812404,"Stallone: Frank, That Is"
tt18397016,Gauntlet
tt15161084,Match Made
tt13414858,Deadpool Movie in Lego
tt13363646,Made in Mexico
tt14061328,Pretty Boy
tt9013780,Paranormal Prison
tt12712710,Isolation
tt6121426,Back Road
tt10939474,Once Upon a Time in the Apocalypse
tt15346602,Plastic French
tt6759838,Under the Palm Tree
tt12810612,The Covid Killer
tt14300412,Wild Game
tt14037558,Tuskegee Airmen: Legacy of Courage
tt10926156,"A Comedy of Horrors, Volume 1"
tt11574990,Without Getting Killed or Caught
tt7019516,Blue Call
tt15523050,Sex: Unzipped
tt11374586,Pooling to Paradise
tt10636130,Making Sense
tt16533296,The Super Bob Einstein Movie
tt10220406,Royal Jelly
tt10346674,Lamya&apos;s Poem
tt11808308,Best Years Gone
tt27076243,The Boxxx
tt10477354,Hell or High Seas
tt14404708,The Dark Side
tt12192636,Dollface
tt9571756,Cowgirls vs. Pterodactyls
tt7177346,A Little Italian Vacation
tt12490634,"It&apos;s Not You, It&apos;s Me"
tt5805904,More Than Miyagi: The Pat Morita Story
tt8923498,Once Upon a Time in Uganda
tt14513562,All These Sons
tt13622146,Found
tt15548914,Montauk77
tt6918518,Bottom Feeders
tt14633194,Ella and the Little Sorcerer
tt8045592,Later Days
tt13450602,Dreamland: The Burning of Black Wall Street
tt6174150,The Believer
tt15485002,Dying to Marry Him
tt15196796,Hold Your Fire
tt10487696,Wanton Want
tt14435184,Christmas with Felicity
tt0199602,Holy Hollywood
tt14624318,The Extinction of Fireflies
tt6708828,Calm Before
tt10396450,Karmalink
tt8437164,Boulevard! A Hollywood Story
tt12125076,Treasure Box
tt10378240,Reggie: A Millenial Depression Comedy
tt13451514,AVA: A Twist in the Road
tt3747436,The Legend of Kate Kensington
tt12392896,Love and Baseball
tt12749460,Honor Among Thieves
tt13612142,Firstness
tt13648222,President
tt14230226,Pets 3
tt5302316,3 Days 3 Nights
tt3687528,Baphomet
tt13793884,Outlier
tt12273762,Overrun
tt7989494,Crypto Heads
tt9657076,Keeping Company
tt10393098,Syndrome K
tt11534218,Delicate State
tt20562862,Bigfoot vs Krampus
tt14857882,Through Her Eyes
tt12622516,Ouija Warehouse
tt15033982,A Sister&apos;s Grudge
tt5227342,Raunch and Roll
tt14996392,Entanglement
tt2311862,Connected
tt4446746,The Marshmallow Mystery Tour
tt15367730,Fast &amp; Serious
tt14207306,Christmas Lovers Anonymous
tt9893012,Los minutos negros
tt7933232,Cerebrum
tt15558638,"THE LIFE-Sex, Drugs &amp; Violence"
tt14653026,The Degenerates
tt14972978,Under a Black Cloud
tt15909364,3212 Un-redacted
tt14045660,Zed&apos;s Dead
tt14892064,Explant
tt10837952,East of Middle West
tt15404312,The Unspeakable
tt9893266,These Streets We Haunt
tt13119000,Giddy Stratospheres
tt11091504,The Welder
tt12979770,The One You&apos;re With
tt10919258,Evan Wood
tt10974674,Danger! Danger!
tt14785638,A Holiday Chance
tt10963118,Landlocked
tt15664492,Hockeyland
tt13793184,Holy Frit
tt15313684,Mass of the Ages: Discover the Traditional Latin Mass
tt8000592,Rumba Love
tt14818550,Quarantine for Two
tt10245776,The Canyonlands
tt15215562,Witness Underground
tt10299902,Baby Money
tt12825680,All the Streets Are Silent: The Convergence of Hip Hop and Skateboarding (1987-1997)
tt9208668,All We Have
tt11027836,Outside
tt13534948,Ebony Hustle
tt13094944,Coronavirus Conspiracy
tt10165918,The Changed
tt10413230,The Disappearance of Mrs. Wu
tt15079066,Gemmel &amp; Tim
tt12254438,Sons of the Sea
tt10005622,Chinese Speaking Vampires
tt10426580,We Burn Like This
tt8763198,Fisher
tt14300966,More Than I Wished For
tt14734766,3 Keys
tt10947934,Lisa Mania
tt14221508,Badland Doves
tt14784858,"Who Are You, Charlie Brown?"
tt15337666,Thomas &amp; Friends: Race for the Sodor Cup
tt15226132,Raised on Porn
tt10223850,Knockout Girls
tt13000618,The Pleasant Valley War
tt10384534,Silent River
tt11465676,Joey and Ella
tt12222270,The Tasmanian Devil
tt12325324,The Dark Offerings
tt11718696,Deep in the Forest
tt16259608,The SML YTP Movie
tt12750828,The Game
tt13228370,Bobbi Jo: Under the Influence
tt10913160,A State of Mind
tt7343800,The Horrific Evil Monsters
tt1530929,Not Quite College
tt12409066,Salvage Yard Shine Boys
tt15524132,Who Is Christmas Eve?
tt13622180,Mayor Pete
tt9747626,Faith.Hope.Love
tt15800448,Ends of the Earth
tt14444398,The Reverend
tt13434692,Mystery of the Kingdom of God
tt13622168,Homeroom
tt16369236,They Survived Together
tt14765734,The Deep Rig
tt10520754,The Sleeping Negro
tt13269354,The Loch Ness Monster
tt8773094,Alter Ego
tt14391578,Raw! Uncut! Video!
tt11151162,The Whooper Returns
tt15174062,Ex Ex Ex
tt14622994,The Conductor
tt7394768,Around Robin
tt15450340,Forgiven
tt12411276,Tell My Story
tt3569630,Saving Sloane
tt9684806,Girls&apos; Night In
tt7972668,Citizen Ashe
tt2328772,Apollyon
tt9433872,Blood Sacrifice
tt6641582,Torch
tt14763752,Resurgence
tt13983486,Dimland
tt8197330,Damaged Goods
tt13595882,Suga Babies
tt14831408,"Bigfoot, UFOs and Jesus"
tt8880868,The Last Inn
tt13281680,Weekenders
tt15174040,Listening to Kenny G
tt14036870,Mr. Birthday
tt11915184,He Helped Me: A Fan Film from the Book of Saw
tt14663150,Symbolicus Vol 1
tt14251154,Voyage of the Chimera
tt7534810,Confetti
tt14755962,Divide &amp; Conquer
tt15108234,I Forgive
tt15739916,Deadly Girls Night Out
tt10640760,The Wrong Path
tt14120534,Chedda Boys
tt15353214,&apos;Twas the Fight Before Christmas
tt16728922,The Fountain of Youth
tt13694256,Tes Yeux Mourants/That Cold Dead Look in Your Eyes
tt14630348,The Price of Freedom
tt12745142,Saving O Block
tt16757854,Making YouTube
tt14623056,Accepted
tt6267580,Behind the Sightings
tt13540874,No Man&apos;s Law
tt13742126,Night of the Living Dead
tt13779394,"The Absurd, Surreal, Metaphysical and Fractured Destiny of Cerebus the Aardvark"
tt13245542,Deadlock
tt13635040,Lunamancer
tt8372638,The Yellow Wallpaper
tt14375756,LFG
tt6472860,The Black Book
tt14574560,Revealed: The Hunt for Bin Laden
tt13458080,Liam White: The Forgettable Life of Liam White
tt13622084,Ailey
tt6666116,Summertime Dropouts
tt13097060,This Side Up
tt12374774,Attack of the Giant Blurry Finger
tt12777614,El Pájaro de Fuego
tt15192618,Strange Fruit: Tale of a Black Girl Lost
tt4973806,Our Father
tt11506798,Nowhere Man - St. Joseph
tt16359520,Cataclysm
tt6170406,Dionne Warwick: Don&apos;t Make Me Over
tt9500346,Knifecorp
tt10849722,We All Think We&apos;re Special
tt10556674,Bastard&apos;s Crossing
tt16311056,The Observers
tt10800070,Playing the Crease
tt14598224,Audition: Found Footage Film
tt13491170,Curse of the Werehuahua
tt1584146,Sol Invictus
tt9285338,Dwellers
tt6760620,Decapitarium
tt13019994,Runaway
tt13694438,Scenes from an Empty Church
tt10928872,Skateshop
tt13288972,Pets 2
tt12677210,Christmas Freak
tt8338100,Hyde
tt8278572,If She Screams
tt8107288,Bearry
tt10661500,Gun and a Hotel Bible
tt11175990,The Final Code
tt11691034,Surviving Sex Trafficking
tt10384366,A Perfect Vintage
tt10156586,Snow Black
tt7979258,Portal Runner
tt10771312,We Are Living Things
tt14162176,The Deadliest Lie
tt14369930,In Our Mothers&apos; Gardens
tt13591918,For Hannah
tt12702508,The Man with No Pants
tt11684668,In the Dark of the Valley
tt9154818,Shapeless
tt15280090,Chasing Rabbits
tt11383348,Mary J Blige&apos;s My Life
tt9466498,Real Talk
tt11354356,Second Chances
tt13313630,Road to Damascus
tt13391648,Marathon
tt5496204,Fruits of the Heart
tt13848014,The Hunt for Planet B
tt6423956,Carolina&apos;s Calling
tt8667502,The Wilderness Road
tt7583876,Rock Camp
tt16106010,Enemies Within the Church
tt16994030,Deepest Dark
tt11364118,Dark Tales from Channel X
tt8923510,Simple as Water
tt10175106,Giving Birth to a Butterfly
tt5295032,Plaga Zombie: American Invasion
tt12439210,7 Yards: The Chris Norton Story
tt12807538,A Rich Christmas
tt13534702,Amy and Peter Are Getting Divorced
tt14732424,Finding Love in San Antonio
tt12725876,The Arctic: Our Last Great Wilderness
tt13580196,Killer Advice
tt14030510,I&apos;m Fine (Thanks for Asking)
tt6101736,End of the Line: The Women of Standing Rock
tt15800166,Adventures in Christmasing
tt7890974,Paradox Lost
tt14436532,Learning to Live Together: The Return of Mad Dogs &amp; Englishmen
tt9856574,The Spore
tt11905538,Not Going Quietly
tt12973192,Baloney: A Queer Male Burlesque Documentary
tt6149768,One Month Out
tt11811310,The Pedal Movie
tt14899034,Exopolitics
tt13067548,Kek - The Movie
tt9313264,Ass Clowns: Constipated
tt15822246,Seven Lost
tt16750078,Flowstate: The FPV Drone Documentary
tt8906844,One and the Same
tt14403682,Dear Future Husband
tt4828328,The Seeds of Vandana Shiva
tt9900940,The Scrapper
tt15303510,Tales of a 5th Grade Robin Hood
tt10054778,Famous
tt10573984,Koko
tt14349790,I Live Alone
tt14644126,Kevin Garnett: Anything Is Possible
tt13844108,Papaw Land
tt9674196,Extraction Point
tt15133684,A Jenkins Family Christmas
tt2747766,Synapse
tt13847304,Fangs
tt14477752,Invasion of the Empire of the Apes
tt10544978,The Forbidden Wish
tt14112996,The Towel Man
tt12927342,Heavy
tt4549140,Claydream
tt16410376,Secret Space UFOs: Rise of the TR3B
tt4340726,Steps
tt14812788,Albahr &apos;amamakum
tt13944642,Tickles the Clown
tt14792588,Tapes from the Underground
tt11741708,We Are As Gods
tt6550978,Alice Fades Away
tt8184568,Reefa
tt14203622,Justice League 1995
tt10773654,Hysterical
tt11222994,IMThem
tt9866204,All Those Small Things
tt14025212,Stalked in Paradise
tt12237498,Melt on This
tt15096542,Brandon Bott Gets Grounded: The Movie
tt14626184,Scrum
tt2388667,Free Byrd
tt9309774,The Starter Marriage
tt10121702,Ghostwritten
tt14495434,The Legend of the Underground
tt14153900,Venom Coast
tt14330162,Our Towns
tt13785940,Virus Shark
tt10498792,Too Late
tt11486320,My Beautiful Bride
tt10298870,La Flamme Rouge
tt14927202,Crossover
tt15386760,Dear Rodeo: The Cody Johnson Story
tt11056732,Never and Again
tt12525600,The Handler
tt9284778,Forget Me Not: Inclusion in the Classroom
tt11436686,St. Patrick&apos;s Day
tt13837022,Hot Money
tt15385880,Purse
tt15721106,Boycott
tt12093604,Companion
tt14039842,One Left
tt14191506,Zero Gravity
tt8613892,The Pharm
tt11948716,Morok
tt14110504,Autumn Road
tt13609638,Users
tt14972882,Bob Dylan: Odds and Ends
tt11873236,A Boy Like That
tt13247248,Christmas Collision
tt14714732,Exposing Muybridge
tt10509374,"Baby, Don&apos;t Cry"
tt14916046,Merry Switchmas
tt7384402,This Is Not a War Story
tt13020856,Forbidden Fruit: First Bite
tt14577172,Lady Lawman
tt9850740,Sold Out
tt14998880,You Can&apos;t Kill Meme
tt13533406,Heval
tt15185022,See You Next Christmas
tt8982410,The Pit
tt12250634,Borrelia Borealis
tt13350476,Green on the Greens
tt5822818,Final Stop
tt11690150,Hood River
tt9723642,Amityville Vampire
tt14154440,Redemption for Easter
tt9265050,Taking the Fall
tt14189550,The Hand That Feeds
tt10188398,Take Me to Tarzana
tt11074676,Shimmer
tt6902934,For the Hits
tt8768526,Pulpit Gangster: Life Inside a Cult
tt14463838,Building a Bridge
tt16220616,Success Formula
tt11057572,Los Angeles
tt15033924,The Thing Inside Us
tt13915290,Fountaine and the Vengeful Nun Who Wouldn&apos;t Die
tt14851900,Being Black in Porn
tt16138938,Refuge
tt13541018,His Stretch of Texas Ground
tt13323462,Day Zero
tt9826820,The Connection
tt15326664,Ariana Grande: In Grande Style
tt12791888,See You Then
tt12582160,All My Friends Are Dead
tt13327864,Crop Circle Realities
tt16788570,All Madden
tt16733354,Insecure: The End
tt7466908,Road to Perth
tt8731012,Kringle Time
tt13828084,Game Day
tt7438928,The Florist
tt7298130,Where the Land Meets the Sky
tt15340094,2020: The Dumpster Fire
tt13357564,Tethered
tt6961854,The Man in the Attic
tt12986322,Jennie
tt14582826,Unsurety
tt10033964,Desert Moon
tt7015964,Hustle Down
tt9857850,A Guide to Gunfighters of the Wild West
tt14123052,Groomed
tt9113760,Good Intentions
tt14213176,Monopoly Money: The Movie
tt13427442,Tardy Terror
tt13032902,Like a Dirty French Novel
tt14336200,Paralyzed
tt14609676,All I Want for Christmas
tt13206286,The Devil&apos;s Ring
tt16303726,Astroworld: Concert from Hell
tt11821566,The Devil&apos;s Daughter
tt12685274,The Sixth Reel
tt14618708,Chance the Rapper&apos;s Magnificent Coloring World
tt10793984,Caged Birds
tt11872668,Making the Day
tt12580116,Mad As Hell
tt14549954,Voorhees Night of the Beast
tt14623036,Stockholm Syndrome
tt11967404,C.O.R.N.
tt15042616,Scavengers
tt11419500,The Slayer Chronicles - Volume 1
tt12348486,The Yin and Yang of Gerry Lopez
tt15188978,The Girl in Cabin 13
tt10631206,Topology of Sirens
tt15678728,Broken Trust 2021
tt9185128,Forgiveness
tt13675084,The Supporters
tt15314468,Qazaq: History of the Golden Man
tt13622250,Rebel Hearts
tt13148912,A World of Worlds: Rise of the King
tt13864330,The Immortals
tt15482100,Driver 113
tt10303888,La Loi Du Destin
tt13027206,Don&apos;t Waste Your Pretty
tt8421260,Two Yellow Lines
tt13361358,Armageddon Tales
tt14495394,A Choice of Weapons: Inspired by Gordon Parks
tt15206662,The Fall of Usher
tt15000128,Good Boys for Life
tt7467926,Barking Mad
tt14501468,The Kids of Santa Fe: The Largest Unknown Mass Shooting
tt14770122,Untold: This Is My Story
tt8889716,The Box
tt15390756,Dear Rider
tt9139292,Burn It All
tt12660938,Invisible Lies
tt10536088,The Big Bend
tt15678902,Our American Family
tt15475890,Passion Play: Russell Westbrook
tt15715230,Project Space 13
tt13779414,Frank
tt14136566,American Mobster: Retribution
tt12682872,Lovers in A Dangerous Time
tt16347520,He Belongs to Me
tt5757556,A Unicorn for Christmas
tt14570802,Halloween 4
tt4936034,Praying the Hours
tt13374344,Beyond Borders
tt14779730,Matched
tt13056108,Concrete_savanna
tt4829936,The One and Only Dick Gregory
tt6680576,Amityville Cop
tt13845956,Righteous Blood
tt6892758,The Wild Man: Skunk Ape
tt5184138,Rightful
tt9599124,My Ascension
tt12967750,Grasshoppers
tt10787484,Whitetail
tt14550270,Urge
tt13084594,After We&apos;re Over
tt10369252,Are You Happy Now
tt8927366,The Water of Life
tt16978828,Boys Night
tt8782956,Bad Witch
tt15033550,The Black Crowes Brothers of a Feather Live at the Chapel
tt11663284,Faye
tt14521830,The Assistant
tt11766104,Ace of Hearts
tt5452210,Moby Doc
tt16152600,The Housewife &amp; the Shah Shocker
tt14730740,Zone Drifter
tt15098542,The Wages of Sin
tt15779062,Bad Ben: Benign
tt15399278,The Taking
tt8736310,Beauty Is Skin Deep
tt15403134,A Feature Film About Life
tt14933968,100 Years from Mississippi
tt13824256,The Devil&apos;s Advocate
tt13217512,Narc
tt14821376,New Worlds: The Cradle of Civilization
tt10674614,Ashley Jones Is Perfectly Normal
tt13651204,Soul Santa
tt15432290,The Art of Making It
tt15296598,Go! Go! Cory Carson: Chrissy Takes the Wheel
tt13186800,Kill Cavalry
tt13699300,Godsend
tt14810136,White Coat Rebels
tt12922082,Escape to the Cove
tt15392066,Race Against Time: The CIA and 9/11
tt10476870,Gore: All Hallows&apos; Eve
tt13315654,The Calling
tt13611662,Don&apos;t Give Up
tt8452666,The Woman Who Robbed the Stagecoach
tt10932638,MELANCOLíA
tt8075000,After Antarctica
tt13403304,Because of Charley
tt14409092,Twenty Pearls: The Story of Alpha Kappa Alpha Sorority
tt8710506,Cusp
tt12617484,Wuhan Wuhan
tt15461828,Things 666
tt9213934,Killer Among Us
tt13931764,Me to Play
tt14727094,Dave Chappelle: This Time This Place
tt14956786,Upon Her Lips: Heartbeats
tt9806166,The Sanctity of Space
tt14315914,AM Radio
tt14215186,The Murder Podcast
tt14395688,Hampton&apos;s Legion
tt11146690,Wolfgang
tt11855826,Attached: Paranormal
tt15691578,Howard High
tt11963126,A Spark Story
tt8840670,Moonlight Soul
tt15533956,The Big Squeeze
tt9463622,The Village Detective: a song cycle
tt14241340,Into Schrodinger&apos;s Box
tt2300212,Forgiven This Gun4hire
tt14546496,Me Familia 2
tt7476790,The Smartest Kids in the World
tt15788204,Rolling Like Thunder
tt14800220,Malefice: A True Story of a Demonic Haunting
tt14544328,Play It Cool
tt15771862,Lacy&apos;s Christmas Do-Over
tt14812930,Danny Doom
tt13403630,Hope in the Holy Land
tt11939664,Alegría
tt27449931,Grandpa Was an Emperor
tt14359786,The Courrier
tt10437216,Future Fear
tt16263706,Ruth Stone&apos;s Vast Library of the Female Mind
tt14844714,Youngstown
tt13729068,Amityville Cult
tt14315110,Set!
tt12266988,Call Time
tt11826520,Mystery Spot
tt13646976,Bring Your Own Brigade
tt15677268,Potentially Dangerous
tt8478132,Saving the Roar
tt13983776,Dark State
tt7085158,Past Shadows
tt4511400,Solomon
tt8816082,Outrage
tt13192714,Samantha Rose
tt14751706,Aliens Reaction
tt14941184,Minnesota! The Modern Day Selma
tt12304400,73 Minutes
tt5632336,Holy Shit Man!
tt13598274,Black Magic Live: Stripped
tt8428550,Canvas
tt8032804,Kilroy
tt10393074,Amy Tan: Unintended Memoir
tt14574078,The First Step
tt7771622,Bigfoot&apos;s Bride
tt14966042,The History of Metal and Horror
tt15331166,Stay Prayed Up
tt12908378,Clowns in the Woods
tt11300696,Mister Sister
tt15362414,The Show
tt21989388,"Uktena, the Horned Monstrosity"
tt6319020,Remembering Return to Oz
tt14113378,The Story of Mother&apos;s Day
tt11697672,Strength Wars
tt8357312,Joy Womack: The White Swan
tt7272266,Ten-Cent Daisy
tt14230430,Little Foot 2
tt13902272,Rarity: Retro Video Game Collecting in the Modern Era
tt13330106,Brimstone Incorporated
tt12759298,Avocado Toast
tt16227726,Dark Shadows and Beyond - The Jonathan Frid Story
tt13883080,Gerri Curls
tt11546920,Kin Dread
tt15576032,The Gift of Grace
tt11927670,Ace &amp; the Christmas Miracle
tt8002626,Impact
tt14513168,Lynchpin of Bensonhurst: The Dominick Montiglio Story
tt14866118,No Ordinary Life
tt13458766,Jurassic Planet
tt14037884,Ayar
tt14403972,The Right Mom
tt15428680,Burn It Down!
tt8005886,Punch 9 for Harold Washington
tt12269216,Dirty Cops L.A.
tt14614698,The Way of Miracles
tt8778584,The Diabolical Schemes of Thadeus Jackson
tt5246704,When Today Ends
tt1520421,The Green Goddess
tt16281982,A Story for Winter
tt3331986,Ransum Games
tt6830356,Love Gods from Planet Zero
tt14646324,Gorenography
tt11951814,Never Seen Again
tt15410692,The Magical Christmas Tree
tt12430040,Amityville in the Hood
tt3196156,The Job
tt14483394,The Christmas Pitch
tt23053192,The World&apos;s Biggest Drug Lord: Tse Chi Lop
tt14403632,Hoodman
tt15766884,Work Bae
tt10875068,Deadly Promises
tt11378070,Black Friday Subliminal
tt11101606,The Best of Times
tt17662736,Skinwalker: Howl of the Rougarou
tt16105998,Trust Issues the Movie
tt7724288,"Raleigh, I Kinda Like You"
tt13527952,Barely Dreaming
tt6146634,My Beautiful Stutter
tt15565714,Dawid i Elfy
tt6438382,Dear Mr. Brody
tt12368812,After Party Secrets
tt12886688,The Devil&apos;s Lettuce
tt16743878,Life of an Alpha Male
tt13273264,The Diabetes Solution
tt14156530,Jurassic Planet: The Mighty Kingdom
tt13914106,Comin&apos; Up Short
tt11847126,San Francisco Stories
tt10985034,Send Proof
tt13625988,The Demon&apos;s Waltz
tt14734144,You Only Live Once
tt12356374,Trigger Girl
tt8247902,Heart of the Home
tt15524192,Valley of Hype: The Culture that Built Elizabeth Holmes
tt13338980,All for Her
tt11834890,Welcome to the Show
tt8367846,Welcome Matt
tt14365820,My Brother&apos;s Keeper
tt14250486,Boss Moves
tt14030624,The Lost Sons
tt11903280,Larry Flynt for President
tt8488534,Zooey
tt13873530,The Bridge
tt14207592,The Conservation Game
tt11383142,Greyson Family Christmas
tt6074446,Baja Come Down
tt15022986,Learning the Hard Way 2
tt13422712,Outlaw&apos;s Buckle
tt12619898,The New Frontier
tt13694856,Easter Someday
tt14147252,About Pie
tt12679044,Radiant Dark
tt15457158,Broken Covenant: The Movie
tt12752430,Lee&apos;d the Way
tt9145234,Midnight Science
tt14597686,Storm Lake
tt15834452,The Male Gaze: Celluloid Dreams
tt5957700,Raise Your Hand
tt21425082,I Will Soar
tt14912666,The Memory Scanner
tt13105958,Dark Cycle
tt13929804,Calle de la Resistencia
tt16210710,A Year from Now
tt16587806,King of the Britons
tt5179196,American Rackets
tt10847964,Jack and the Treehouse
tt13688748,Is Mindfulness Right for You?
tt13117144,Ebola Rex Versus Murder Hornets
tt7116882,Clean Slate
tt9774740,Chasing Whiskey
tt16825768,St. Andrews: The Greatest Golf Story Ever Told
tt9331556,Amber and Grace
tt14513350,Dark Ritual
tt10670858,The Scout
tt15398694,Convergence: Courage in a Crisis
tt6547944,Lust for Gold: A Race Against Time
tt14812864,The Mayberry Effect
tt12398294,Someday Isles
tt9351788,Art &amp; Krimes by Krimes
tt15078488,Eyes on the Prize: Hallowed Ground
tt11182846,Soul Pursuit
tt15372966,Ride Scare: The Beginning
tt3791002,Ballad of Billy Badass
tt15294458,Black Christmas
tt13090350,The Female Hustler
tt15279930,Another Christmas
tt15492342,Devil Down South
tt12872946,The Breakdown
tt11910526,New Providence
tt13805684,The Notebooks
tt19365078,The Legendary 1979 No Nukes Concerts - Springsteen E Street Band
tt13584338,Another Us
tt17506778,Cheating in the Next Room
tt15416026,The Legend Begins: Doll-Face
tt14179602,Inhabitants: An Indigenous Perspective
tt12483148,The High Frontier: The Untold Story of Gerard K. O&apos;Neill
tt15497220,White Girl Apokalypse
tt13455224,The Last Five Days: 10 Years Later
tt15389906,Life After
tt14316122,Beyond Sixty
tt10342492,Tales of the Natchez Trace
tt10370694,Cinq nouvelles du cerveau
tt7029534,Things Don&apos;t Stay Fixed
tt12993456,Akhirat: A Love Story
tt15788244,You&apos;re Watching Video Music Box
tt13799994,American Cannibals
tt13031148,The Wimbledon Kidnapping
tt12934256,A Reflection of Evil
tt21861486,Scrotum: The Second One
tt15450362,The King of North Sudan
tt15096196,Into the Mystery
tt4367326,The Forgiven
tt14971864,A Patriot&apos;s Day
tt13074922,Valentine Crush
tt6982636,Oh Crappy Day
tt11821582,As the Village Sleeps
tt10990248,Tamera Hill&apos;s The Matchmaker
tt15035760,Dark Light
tt11895180,In Balanchine&apos;s Classroom
tt15168576,Supercool
tt13706384,Maf&apos;s SuperMarioLogan Movie
tt6154708,Hal King
tt14675732,Vice City
tt15397504,CarousHELL 2
tt3716996,Central Park Dark
tt6943138,Sarogeto
tt7070330,8 Winds
tt12837402,Adolescents of Chymera
tt12441458,Twyla Moves
tt15684380,Extraordinary: The Revelations
tt16392762,The Party Slasher
tt13931356,How to Start a Small Business
tt15541244,The Devil&apos;s Children
tt14536184,Channel 99
tt10521244,Between Forever
tt8923506,Apart
tt7325582,Eating Cars
tt16375098,Stacked
tt13528292,Shakespeare: The Truth Behind the Name
tt13274918,Let&apos;s Dream
tt11348558,30 Seconds in Hell
tt13877228,All Underdogs Go to Heaven
tt12843864,Confined
tt10692242,Dead Body
tt13557918,Teenage Emotions
tt4152174,New Year
tt11275008,S.H.E.
tt9609334,Hell Is Empty
tt12714422,In a Sentimental Mood
tt14167418,Skulldevil Lottery
tt13062780,Last Testament
tt15132408,Vince Carter: Legacy
tt14287828,Maaya
tt8999492,Crazy 2 Crazy
tt14054294,Safe House 1618
tt9337574,Sisters on Track
tt13456330,Tina and Lori
tt10659270,Rehab Cabin
tt18259440,Have You Heard About Greg?
tt8488856,Her Name Is Chef
tt1207972,The Pig People
tt8417346,Magnolia Flowers
tt11405568,The Poltergeist Diaries
tt13332610,Kill Plan
tt12883470,Valentine&apos;s Date
tt16245936,Sister Krampus
tt10650376,The Second Age of Aquarius
tt9630832,Don&apos;t Shoot the Messenger
tt2203800,White Buffalo: An American Prophecy
tt11656984,Final 48
tt6546882,My So-Called Selfish Life
tt14773536,Pakistani Chainsaw: A Love Story
tt13192540,Will Smith: The Prince of Hollywood
tt18070248,Hopped Up
tt14027580,Attack of the Murder Hornets
tt5307156,Adopted
tt14694478,The Hunchback of Bel Air
tt14432146,This Is Jessica
tt13947978,Accomplice
tt15307768,CRAM
tt11452024,The Embalmers
tt7315032,I Dream of a Psychopomp
tt13274786,Balsam: A Paranormal Investigation
tt14899532,Hacking the Afterlife
tt13963956,Lily Topples the World
tt15743386,Rocket Hunter: Rise of the Nazi Komet
tt14578402,Velvet Jesus
tt14968444,Stash the Movie
tt10518732,Exposure 36
tt8778040,With Night Come Wolves
tt15210254,Betrayal at Attica
tt9138804,Morbid Colors
tt13534934,Give Up the Ghost
tt4306774,Crack House of the Dead
tt1205502,Lead Belly - The Man Who Invented Rock &amp; Roll
tt13616314,"Haymarket: The Bomb, the Anarchists, the Labor Struggle."
tt12984858,Mau
tt15203644,Flesh Eater X
tt14376462,Antigone
tt14041946,Mortician
tt14569286,Halloween Heroes
tt15470164,Tranquility - An Independent Film
tt15467776,Artificial Gamer
tt15461714,King B.&apos;s Hate... Love
tt14754884,Charm Circle
tt14180184,Fast-Forward
tt15546534,Zack: Enfrentamiento Mortal
tt11639296,The Matter of Life
tt8540590,45 Days to Be Rich
tt3323908,Lullaby
tt14368204,Time
tt14623196,No Straight Lines: The Rise of Queer Comics
tt13261418,Black Beauty
tt14118430,The Walkers film
tt13080534,Godzilla Apex
tt14622972,Bernstein&apos;s Wall
tt12509920,"Lives, Not Grades"
tt13885628,Marvel&apos;s Behind the Mask
tt14672692,MICerz
tt10111198,Happy Thanksgiving
tt21631528,What Did I Do? (The Making of the Normal Album)
tt12695014,Charlie&apos;s Movie
tt15380186,Sam Morril: Full Capacity
tt16288880,Reopening Night
tt8019750,Beneath the Banyan Tree
tt4385766,Psychedelia
tt15226216,Fireboys
tt7509560,Too Soon: Comedy After 9/11
tt11912692,Backstage
tt14654918,Dogface: A TrapHouse Horror
tt9435970,Fries! The Movie
tt7903506,There May Be Ghosts
tt12280646,Rulon Gardner Won&apos;t Die
tt15734278,A Marble Travelogue
tt4682970,Devil&apos;s Five
tt12747444,Legend of Fall Creek
tt8300072,Aleph
tt4629854,Niemand
tt3961860,On Thin Ice
tt15464694,86ED
tt14501448,The Wet Ones
tt15711476,2018: The Ultimate Test
tt7645442,Moth
tt23059408,Bunker
tt10327130,Soul Eclipse
tt14221692,121: Overcoming Drug Addiction by Faith
tt14203930,The Other Side of the Ring
tt9827352,AIDS Diva: The Legend of Connie Norman
tt14959898,Strings
tt15690574,Be Careful What You Wish 4
tt9351662,Fruits of Labor
tt6143092,Code Name Abdul
tt14557056,The Land Between the Lakes
tt4553986,Cold
tt14409080,Alien Whispers
tt15160924,Postcards from Babylon - Evangelicals in the Shadow of Christian Nationalism
tt13062674,Fat: A Documentary 2
tt15203648,A Wiseguy Christmas
tt7669768,A Father&apos;s Diary
tt14320198,Carterland
tt8451500,Rubaru
tt16418270,Italian for Travelers
tt12470742,Bad Folks
tt4831804,Sunday Mornings
tt17220852,Noncompliant
tt4421680,Dreams of Daraa
tt11644948,Unzipped: An Autopsy of American Inequality
tt14792898,Mashup at the Movies
tt9866220,Chocolate Road
tt6541090,Before I&apos;m Dead
tt13052092,When Claude Got Shot
tt9595816,What She Said
tt9554862,Girl in Golden Gate Park
tt14591614,Christmas on the Carousel
tt8510484,Death and Bowling
tt11339514,The Reenactment
tt10618682,Addict Named Hal
tt10472094,Inheritance
tt13100890,Love Thy Neighbor - The Story of Christian Riley Garcia
tt9001550,A Cry in the Night: The Legend of La Llorona
tt12960318,Miracle on 4th Street
tt9788898,VHS Violence
tt14584478,On the Trail of Bigfoot: The Journey
tt13056822,The Middle Men
tt8168944,Havana Libre
tt3118468,Angel by Thursday
tt14941482,Passage to Sweden
tt14876618,Logan&apos;s Story
tt12275196,Ludi
tt14694114,9 Stacks
tt10141026,Big Trouble in Seattle
tt13365140,A Mother of No Destination
tt15721072,Anonymous Sister
tt13174548,Cupid
tt14739704,To Be Determined
tt14347138,The Day After Quarantine
tt15558350,This is How We Roll
tt14207642,The Revolution Generation
tt12991814,Happy&apos;s
tt15492876,American River
tt13352012,Rattlers 2
tt13327756,Volcanic UFO Mysteries
tt15599902,Clay Zombies
tt14539284,Emily @ the Edge of Chaos
tt13921372,J.K. Rowling
tt8093110,Chasing Giants
tt11446400,One Night
tt13050966,Blind Ghost
tt13808342,Dymez
tt9686596,Permitted
tt7672388,Lily Is Here
tt14097802,Young and the Ratchet
tt5123942,River&apos;s End: California&apos;s Latest Water War
tt13964052,Creature from Big Muddy: An Illinois Bigfoot Legend
tt10669868,Acting: The First Six Lessons
tt5317302,Fire Music
tt13808330,Regrets
tt15705752,Nuclear Family
tt11434812,Out of Time: The Material Issue Story
tt10808502,Bruiser
tt14990914,Dreaming Hollywood
tt14591464,The Exchange 3
tt10409102,Man Under Table
tt9439344,The Rise of Sir Longbottom
tt1914388,Tinsel
tt15839282,A1 Quality Media Presents Innocence
tt10577826,The Swim
tt10962838,The Big Rant
tt14089434,The Long Con
tt15011112,The Mission
tt13222004,The Mind Polluters
tt9803620,Tributaries
tt14734392,Easy Targets
tt16350506,Loving Polly
tt10196480,North by Current
tt3978058,Strange Company
tt13663280,The Good Hearts Club
tt15724240,The Lost Record
tt12856188,The Carters Family Reunion
tt16899324,Metal Detector Maniac
tt9695398,Six Locked Doors: The Legacy of Cocoanut Grove
tt14057586,Covid Diaries NYC
tt7243490,Lady Buds
tt7078584,Duality of Memory
tt19760954,17 Letters
tt9030940,The Land of Owls
tt16234644,The Great Balloon Bomb Invasion
tt14852398,Stuck in the Groove
tt16294848,Walking On
tt15169912,Vernon
tt17163982,Artists in Agony: Hitmen at the Coda Teahouse
tt13137330,You can&apos;t (Kan&apos;t) always get what you want.
tt14236094,Killer Concept
tt13652238,At the Ready
tt9557332,Yucca Fest
tt14868196,Trans Mission: What&apos;s the Rush to Reassign Gender?
tt4200198,Back in the No
tt14134748,Driven to Kill
tt15745168,The Everlasting Present - Ukraine: 30 Years of InDependence
tt13134900,Lost Airmen of Buchenwald
tt11177158,All Who Loved Her
tt10405532,Detainee 001
tt13839382,Night of the Falling Stars
tt13319276,Mallory
tt11660572,Bridges
tt11515468,The Struggle II: The Dilemma
tt14581444,The Neutral Ground
tt15685954,Cold Return
tt6137542,Since August
tt7267726,Edge of Town
tt13677962,Blonde. Purple
tt14623168,Alien Danger 2! With Raven Van Slender
tt13977508,Hollywood in the Atomic Age - Monsters! Martians! Mad Scientists!
tt15789212,New Jack
tt14029990,Hell Hath No Fury
tt7315826,Yes I Am - The Ric Weiland Story
tt12138828,Camp Love
tt13764772,Concealment
tt14723260,Vivandière
tt15840228,The Making of Rocky vs. Drago by Sylvester Stallone
tt12994636,Twas the Night
tt11865804,The Boys in Red Hats
tt8608834,My Tinder with Andre
tt13499234,InHospitable
tt8839568,Two Cents from a Pariah
tt10627530,Life Ain&apos;t Like the Movies
tt8962346,A Black Rift Begins to Yawn
tt8984748,Brooklyn Inshallah
tt13569380,Iron Temple
tt13356956,Popovich: Road to Hollywood
tt6283656,Tales from Shakespeare: Folios &amp; Follies
tt16357904,Incubated
tt14914580,Ramekins: Ramekin II
tt10221732,Madison Baker Was Here
tt9043484,All Sorts
tt13937648,Lock Down Love
tt13389660,The Great Basin
tt12800320,The Original Charvel Gang
tt11416992,Footprints
tt20599398,Dating Hell
tt15101380,Romeo Santos: King of Bachata
tt10508446,Sing to Me Sylvie
tt4401266,Without Grace
tt15582232,Bitcoin FUD
tt14588796,Creation Is Violent: Anecdotes from Kinski&apos;s Final Years
tt16371308,The Birth of Innocence
tt9653108,Free by Noon
tt12262224,Dead Air
tt12356636,Social Disturbance
tt13021608,Big Chief Black Hawk
tt11026760,Insta Famous
tt9180480,Miss Angela
tt14207022,Faces of Dying II
tt15583246,Invisible History: Middle Florida&apos;s Hidden Roots
tt2756046,Broadway: Beyond the Golden Age
tt10655320,Mother Noose Presents Once Upon a Nightmare
tt11305162,Eyes from the Pines
tt14782096,Merry Wives
tt14960098,Happy Hour Slasher
tt15710134,Thanksgiving Roast
tt2823014,Chloe&apos;s Mountain
tt13612384,Noxious 2: Cold Case
tt12245660,Tell Me
tt14169230,Ashes That Swarm
tt14200926,Petit Rat
tt14985354,The Greatest Race
tt11773084,No Strings the Movie
tt15029110,End of the Line
tt14122284,Rock Bottom Riser
tt12776978,John Wynn&apos;s Playhouse
tt14229338,Mailman
tt11357606,Strictly for the Birds
tt14850714,Buddy Guy: The Blues Chase the Blues Away
tt13863374,Death Park: The End
tt3923762,To What Remains
tt15576024,The Phantom Lake Kids in the Beast Walks Among Us
tt14030354,Disintegration Loops
tt27722312,Daniel: A Lifetime of Faith
tt15470364,A Man and His Gun
tt14309060,Flaky
tt14320580,Unseen Skies
tt15293132,Life After BOB: The Chalice Study
tt13356638,Miss Lillian: More Than A President&apos;s Mother
tt13829094,Race for the Vaccine
tt13310354,Oklahoma Mon Amour
tt7504184,Utica: The Last Refuge
tt14203866,Stealing the Show
tt13357602,An American Zealot
tt11137682,The Deceased Won&apos;t Desist!
tt15555144,"Manzanar, Diverted: When Water Becomes Dust"
tt10697680,The Human Solution
tt9729060,You&apos;re Hired!
tt11915736,End of the Road
tt24072194,Warrior Spirit
tt12079822,Counting Bullets
tt14170458,Grindsploitation 9
tt1350629,The Comedy Club
tt6516228,Death Is But a Dream
tt14850018,A New Kind of Woman
tt14964942,A City Haunted
tt14529246,Strange Friends
tt14089388,The Daphne Project
tt15815950,Joshua&apos;s Seance
tt14030552,Kid Candidate
tt13464336,A Tiny House Christmas
tt16653958,A Haunting at the Monte Vista
tt14777712,Meat Me Halfway
tt12581996,Atomic Cover-up
tt28972357,Out of Exile: The Photography of Fred Stein
tt6919982,Fanboy
tt14881588,Cuzzo
tt14964770,Have a Nice Trip: Psychedelics and Medicine
tt3034316,L.A. A Queer History
tt12552284,The Story Won&apos;t Die
tt22740872,SILVERBACK: The Trent Williams Story
tt15831014,Eat Your Catfish
tt10666594,Laguna Ave
tt7092846,The Machinery of Dreams
tt12928700,The Opps
tt13224844,Ballads of the Exodus
tt14377944,The Junky Warrior
tt15791758,"He Say, She Say"
tt15150022,Hillsong Church: God Goes Viral
tt15440312,Re-Enter the New York Ninja
tt7513844,A Nomad River
tt15194208,Burning Man: The Musical
tt15079704,Purgatory
tt14623080,The Death of My Two Fathers
tt13831376,24 Hours: Assault on the Capitol
tt10728214,Songs for a Sloth
tt13613022,Illuminate
tt14498354,Invisible Threads - From Wireless to War
tt15782616,Generations
tt10402832,Sour
tt14207408,Invisible Valley
tt15127460,La voz humana
tt15789310,Tender Days
tt12810356,The Forever Room
tt9135240,The Awakening of Lilith
tt15744730,Set in Motion
tt14423920,Leaving Tracks
tt13799216,Vice President Kamala Harris: Chase the Dream
tt5918432,Ferguson Rises
tt13658766,Everybody Loves Chris Rock
tt11907874,The Art of Dissent
tt11156986,Cult Following
tt15185206,Unique: A New Musical
tt6455590,Spoken
tt10813062,The Act of Reading
tt10670754,Paranormal Investigators
tt14029870,Blame Movie
tt12877408,Tipping the Pain Scale
tt14016930,Christmas on My Block
tt15237900,A Very Merry New Year
tt14321762,75 Degrees West
tt15757644,Grim Reaper
tt15380124,Lonesome
tt14320356,Pieces of Us
tt14507758,The Addict&apos;s Wake
tt14519978,Keep the Cameras Rolling: The Pedro Zamora Way
tt14017018,Own the Room
tt15739358,Death Angel: The Bastard Tracks
tt4462434,A Song for Cesar
tt16279702,Return to Auschwitz: The Survival of Vladimir Munk
tt13357558,Horrortales.666 Part 2
tt17662898,On the Trail of Bigfoot: The Discovery
tt11197464,Bitter Taste of Ginger
tt15011630,The Outsider
tt14247490,"Look Away, Look Away"
tt3780674,The Miss OTB Scandal
tt10832720,The Last Ghost Hunters
tt13972930,Heavy Duty Lovers
tt14732926,To Which We Belong
tt16480822,Charmx Does America
tt14288824,Anchor Point
tt10043660,Engaged in Vegas
tt16068914,4 O&apos;Clock
tt12626614,Party Favors
tt13652130,Under His Control
tt15765334,Musher
tt5940106,Looking for Andrew
tt15051038,Ramsey: The Vandy Case
tt15412110,Sneaky Links
tt15590884,The Copper Queen
tt13918608,Big Cat Trail
tt15014076,Roman Candle
tt13918804,A Kaddish for Bernie Madoff
tt11192428,The Christmas Doodle
tt15663664,Conscious Contact: Full Disclosure
tt12272978,The Bid
tt14950158,23rd Century Giants
tt15094740,Johnny
tt10172716,Oleg: The Oleg Vidov Story
tt13493476,Pocket Full of Game 2
tt16366574,Surrender on the USS Missouri
tt14545140,Messwood
tt13535874,Filtered
tt14908896,Oh Deer
tt14216484,9 Hearts
tt15402842,The Greatest Race
tt8523022,512 Hours
tt6098590,With This Breath I Fly
tt13932848,Aliens vs. Bigfoot
tt14363206,A One Sided Affair
tt5911072,Nebulous Dark
tt9444800,Crappy Mother&apos;s Day
tt8825234,Inherent Good
tt8846478,Flint Tale
tt10218112,Courageous Warriors Beauty from the Ashes
tt18548602,Fingerlakes Grindhouse Presents Till Death Do Us Part
tt7428112,Beijing Spring
tt15167854,Gods and Monsterss
tt10744316,"Red Turns Into Blue: Athens, Inside-Out 2"
tt11328126,Memoirs of a Snitch
tt11469636,Finding Ophelia
tt12872484,Satan&apos;s Servant
tt7476336,Left-Handed Pianist
tt13826924,Tyler Perry: Man of Many Faces
tt15806744,Wine Creek
tt8614664,Pawns&apos; Volition
tt14015724,Chicago: America&apos;s Hidden War
tt11866944,"Through a Glass, Dimly"
tt15526620,WBS: Tour Across America
tt14870824,Prognosis: Notes on Living
tt12265464,The Central Authority
tt14136388,An American Prayer
tt14624430,No Lost Love
tt13410132,Pretenders
tt8413220,Inside the Circle
tt15153118,Letters from the Ends of the World
tt7379472,Invisible: Gay Women in Southern Music
tt15186132,"Restoration, Inc"
tt12754420,Deadly Night Out
tt13355630,Heir
tt14308604,The Giant Pacific Octopus
tt9103708,The Forever Choice
tt11946304,That Abandoned Place
tt13229082,Marvin
tt10737860,Elle Rose
tt15090912,Lie Q
tt14330120,Screened In
tt13932972,Truly Texas Mexican
tt12860504,Mary
tt12533524,Dead County
tt16296784,Voodoo Virus
tt13964000,From Hell to Hollywood
tt8430960,Paper Dragons
tt13871206,5000 Space Aliens
tt10318096,Reunion of Champions
tt8890142,Affliction
tt3565878,La Cadena
tt14110518,Next of Kin
tt10727702,The Rumba Kings
tt16243366,The CEO of Sinaloa
tt13524992,Buster Williams Bass to Infinity
tt15824146,Tomb of Joseph
tt15222258,Fighting Indians
tt14843976,False Alarm
tt13003564,Millennial with a Cane
tt13057696,Peach Cobbler
tt8707850,Skagit
tt7940606,"No Loss, No Gain"
tt8439234,Ragged Heart
tt15167986,If You Build It: 30 Years of Field of Dreams
tt13320234,Super Duper Heist Squad
tt13911848,Bad Attitude: The Art of Spain Rodriguez
tt14996100,A Christmas Proposal
tt18225588,Newtok
tt5816998,A Day of Trouble
tt15857750,Yung Punx: A Punk Parable
tt10804304,Mister Limbo
tt15140052,The Twins Killing Forests
tt15057496,Absolute Interference
tt12575896,14000 Miles
tt14297960,Vergo
tt15739040,Deadguy: Killing Music
tt15333064,Halloween Kickback
tt14330612,Street Heroines
tt14636668,City of Ali
tt14881472,Shadows
tt11666014,There&apos;s Something in the Lake
tt13919412,Love the One You&apos;re With
tt15011910,Victuals: The Cre8Ameal Story
tt14909062,Heard She Got Married
tt14211062,I Danced for the Angel of Death - The Dr. Edith Eva Eger Story
tt14152876,Who Is It?
tt13882398,I Am the Tigress
tt13555924,The Dead Sleep Soundly
tt13498310,Fast and Furry
tt15891060,Thorn in the Center of the Heart (Sin Lai Guh Ling Bang Do)
tt13729622,Under the Sea 2
tt14810540,Daughter of a Lost Bird
tt14216596,Être prof
tt13351992,Bubba&apos;s Dead: The Final Massacre
tt12435010,Nothing Else
tt15268474,Zombie
tt11368534,Junho
tt21445010,Hollywood Priest: The Story of Fr. Bud Kieser
tt14791580,Rogue Shark?
tt16711774,Vaxxed Nation
tt16758240,Norm Geisler: Not Qualified
tt14906656,Operation Wolf Patrol
tt12933568,Legacy of Love
tt10776654,Being BeBe
tt11879656,18th &amp; Grand: The Olympic Auditorium Story
tt13315294,Far Out West
tt16678934,Arendelle Castle Yule Log: Cut Paper Edition
tt14206836,Remaining Light
tt10451932,7 Murders a Day
tt6120496,The Devil in My Heart
tt14378152,Tulsa: The Fire and the Forgotten
tt10059508,"David Mirisch, the Man Behind the Golden Stars"
tt22984196,Crossings
tt12311460,Searchers
tt18289494,Bully the Rico Story
tt14545150,Caim
tt12517806,His Name Was Jason: A Friday the 13th Fan Film
tt15108182,Ashes to Ashes
tt15440562,The New Years Baby
tt14068502,Each and Every Day
tt14692892,Envision
tt10635588,A Christmas Wish
tt14456198,Stick Me Up
tt10935152,Bryn Gets a Life
tt12980536,I&apos;m Too Old for This Sh*t: A Heavy Metal Fairy Tale
tt21441006,Dimensions 2
tt10695408,He Who Lives in Hidden Lakes
tt14673732,Rise Again: Tulsa and the Red Summer
tt13236726,An Intervention
tt5845560,Bet on Ben
tt13937088,Getting Sketchy
tt15319218,Pappy&apos;s Graveyard
tt14532950,One Toke Over the Line... and Still Smokin&apos;
tt12003034,Silver Carnation
tt15284230,Apple Cinema
tt13806424,By the Grace of...
tt14682632,For Charlene
tt13243250,American Liar
tt15223056,Inside Antifa
tt14759612,Tigre Gente
tt14886322,Nun Nancy
tt4332600,Elmore Leonard: The Dickens of Detroit
tt9088084,Hello from Nowhere
tt3312160,The Shades
tt14820712,Camping at the End of the World
tt11125030,How Does It Feel to Be a Problem?
tt15845540,Hidden Heroes: The Nisei Soldiers of WWII
tt14997988,Have a Nice Trip: Micro v.s Macro-Dosing for Healing
tt16480014,Zara &amp; Erika: A Tale of Annabelle
tt16063376,The Hideous Bog Monster
tt14187962,Midland: The Sonic Ranch
tt15432598,The Crude Crypt Volume One
tt14471254,My King
tt8268284,Salt from Bonneville
tt10616984,It&apos;s What&apos;s On the Inside
tt9177750,"Eli, a Dog in Prison"
tt14654904,The Contact Enigma
tt13422672,The Youngest Evangelist
tt14307446,Nostrum
tt15422986,Gravis Terrae
tt16311960,The Desert Said Dance
tt13962396,Bedridden
tt14779388,Casting Couch Slaughter 2: The Second Coming
tt13824374,Unlinked
tt21367830,Mountain Devil 3: The Bigfoot Invasion
tt15023138,Bigfoot Encounters in the Pacific Northwest
tt6923846,Brimstone Creek Rd
tt14289322,Bitter Sugar
tt15088982,Killer Christmas Elves
tt13766246,Motion Picture
tt15418312,What Happened at the Veterans Home?
tt7977844,Any Given Day
tt14437732,"Please, Do Not Disturb"
tt4914302,Silent Room: The MK Ultra Program
tt8932812,Simple Like Silver
tt8374772,Moving in 2008
tt12670610,The End of Blindness
tt11166250,Matriarch
tt19848842,The River Between Us
tt2056526,Bali: Island of the Dogs
tt4957624,The Dark Hobby
tt14678868,Spiritual Audacity: The Abraham Joshua Heschel Story
tt2330733,Biomass
tt13266270,All We Got
tt11872602,Cafe Americano
tt12906894,One Life to Blossom
tt14799922,How the Monuments Came Down
tt11872916,Straitjacket
tt12317998,Born to Raise Hell
tt8041022,Rattle-Can
tt14676110,Tell Them We Were Here
tt12032062,Singing in the Wilderness
tt13483112,Sauce Boys
tt10403714,Into the Devil&apos;s Reach
tt10468276,One More Step West is the Sea: Ruth Weiss
tt11687178,The Hills I Call Home
tt21277054,If You Think You&apos;re Lonely Now
tt11533464,The Right Girls
tt8688864,Six Three Times
tt10850200,Elijah: Part 3
tt15299410,Lady Gaga: Glory
tt14911600,Save the Crew: The Battle for Columbus
tt15094066,We Are Not Content!
tt11160638,Apocalypse A-Go-Go
tt14520096,Endangered
tt14617336,Ruins
tt16024964,Attack of the Scarecrow from Mars
tt13142366,2 Finesse
tt15475336,12th Hour
tt14948916,Love Funeral
tt16990484,Crosses
tt13644550,President Joe Biden: Not Your Average Joe
tt11396172,The Earned Life
tt12787122,Pesticide
tt13514462,Little Satchmo
tt13422392,Fear of a Black Planet
tt4790304,Nelly Queen: The Life and Times of Jose Sarria
tt15598732,With Wonder
tt16073454,The Adventures of Saul Bellow
tt12110504,Close Caption
tt14831192,The last turn
tt10196568,On the Divide
tt12145636,Love You Right
tt12809890,My Name Is Lopez
tt13307128,Old School Rollers
tt14270360,Evanescence: Embracing the Bitter Truth
tt14002228,The Box in the Basement
tt14909626,Don&apos;t Mess Up Our Race
tt7837878,Aswat Acherim
tt15379452,This Is Francis X. Bushman
tt10763054,Dear Ike: Lost Letters to a Teen Idol
tt13175066,Alien Busters
tt15799522,Pussie Control: The Story of Davion Pussie
tt10434706,A Reckoning in Boston
tt10059254,Devil Put the Coal in the Ground
tt6802040,Contactee
tt14609710,Skating Polly: Ugly Pop
tt7520868,Alumination
tt14849298,Gramma&apos;s Blood
tt2886732,Loaded Monday
tt12618046,200 Cigarettes from Now
tt11368424,Nightingale: A Melody of Life
tt14403702,Coronapocalypse
tt8979838,A Fine Pavement
tt18307286,The Informant: Fear and Faith in the Heartland
tt9256090,Priorities
tt16043152,TapeHead
tt12676428,Memories of Reality
tt15679700,Theirs Is the Kingdom
tt12731390,Fractals
tt15089212,When Love Comes Knocking
tt9080346,Poets Are the Destroyers
tt14993686,Gaggle
tt15084766,The Biggest Obstacle
tt13560124,After America
tt14878502,The Preacher to the Popes: Raniero Cantalamessa
tt6450462,Schoolhouse Rocked: The Homeschool Revolution
tt15190398,Envy
tt15451170,Sky So Blue
tt8097454,Forever Majestic
tt11228870,Creek
tt14965986,World Debut: From Outsiders to the Olympics
tt8756966,Something in the Shadows
tt5644624,Trick
tt10513930,Where We&apos;re From: The Elements Documentary
tt14891620,Thanksgiving with the Carters 2: Second Helping
tt15134120,Killer Country
tt9309950,Now Again
tt14996888,Sullivan Creek Sasquatch
tt10691026,A Wonderful Kingdom
tt22771726,Toys Storage. The Animation Obsession
tt15249650,Gravedigger Dave&apos;s Anthology Festival
tt15420946,Static
tt14928972,On the Trail of UFOs: Dark Sky
tt16407414,Lucid
tt20412900,The Missing
tt15472464,Ferny &amp; Luca
tt15552888,For Unto Us
tt15262024,Doll Killer 2
tt7918266,Bergeron Brothers: Wedding Videographers
tt12755918,My Best Worst Adventure
tt13273570,Rex Park: Curse of the Golden Buddha
tt14129182,Called
tt14929710,Caesar the Musical
tt14629794,The Co-op Wars
tt13056304,Mind Talker
tt13918164,Dirty Feathers
tt7570684,Lost in Avalon
tt13962432,Going Om
tt14282440,Alice&apos;s Adventures in the Wonderverse
tt13967234,Blank Canvas
tt12083228,Two Bosses
tt14902630,DEUS VULT: God Wills It
tt15486364,The Commissioner of Power
tt15574512,Hilarious
tt25504248,On the Trail of the Lake Michigan Mothman
tt15690918,Dante&apos;s Shadow of Sin
tt13357022,Metamorphosis in the Slaughterhouse
tt14946560,One Pint at a Time
tt13521858,Martian Massacre
tt13630094,The Security of Fear
tt15719636,From Paseo to Pembroke: Kansas City&apos;s Golden Era
tt16451308,The Love of a King Christmas Movie Musical
tt15908898,Go Through the Dark
tt13814142,Carol&apos;s Christmas
tt14764476,Durna çiragi
tt13432848,One Week &apos;Til Doomsday
tt13597772,Apocalypshit
tt15430722,Destination Porto: The Unimaginable Journey
tt15724188,From Bakersfield to Mojave
tt12585100,Low Heat
tt15030064,Proverbs 31
tt14544434,Plastic Bag Store: The Film
tt15399018,Faded Memories
tt13463318,Glob Lessons
tt14074042,"Death, My Darling"
tt15096056,The Last Election and Other Love Stories
tt5529876,Porno Uncle Jim
tt22069066,The Stomping Grounds
tt14489394,Faceless
tt15856932,Atlantafornication
tt11755650,When My Time Comes
tt15317758,39 Seconds
tt10654434,The Curse of Raven Heights
tt13886662,Kill Vibe
tt11908796,American Exile
tt14536840,The Siege of Fort William Henry
tt21745160,The Day Ones
tt12240332,The Adventures of Bandit and Wild Wes
tt14153138,Who&apos;s with Me?
tt12458678,Danny Hall the Killer Crab Elf
tt9115230,Mr. Deshee
tt12298324,The Thieves Code
tt14784780,Who Will Start Another Fire
tt15090586,Joel D. Wynkoop&apos;s the Craiglon Incident II Aftermath
tt14538678,Way Down in the Rust Bucket
tt15767158,Travesías
tt15792180,Magic in the Mountains
tt13567564,A Tiny Ripple of Hope
tt14521452,How to Clear a Cluttered Mind
tt11374496,The Faithful
tt13222962,Trip Slip
tt14108032,The Purple Night
tt13752144,Boyz from the Streets
tt16262836,Grain
tt14526866,The Mississippi Mummy
tt15413348,Cutting Corners
tt15421216,When the Bands Stopped Playing
tt12499736,Amexica
tt2752980,The Brilliant Terror
tt7884922,Beguiled Company
tt13472850,Have a Nice Life
tt13409430,Beating Superbugs: Can We Win?
tt9549128,National Museum
tt9256474,Giving Up Forever
tt13690820,Toiveiden koulu
tt14759510,Why Am I Doing This? (A Film About Touring)
tt15083026,The Invisible Mountain
tt14266036,Who is Lun*na Menoh?
tt15151502,Kaanagasattam
tt14340100,Shared Resources
tt7974096,Slice O&apos; Cake
tt14102720,Claw 2: Blood Legacy
tt7476864,Son of Fukushima
tt16985078,No Good Deed: A Crowdfunding Holiday Heist
tt12357546,The Things We Bloom
tt16986178,the Amazing Ninja
tt3663052,The Race to Save the World
tt13247080,The Hudson River: Journey Into the Wild
tt16303020,"College Sports, Inc."
tt15072658,Thought It Was Sweet
tt9728202,Externo
tt15128104,Scenes from the Glittering World
tt15710142,Terra Femme
tt15555264,Clytaemnestra
tt2432558,The Songpoet
tt13785882,Kiamichi beast expedition
tt12232906,Steel Song
tt14130152,Diana at Sixty
tt13123976,Shaded Passions
tt13304532,The Sketch Comedy Movie
tt15678602,Lamp the Movie (That Really Shouldn&apos;t Exist); *A Dracula Film
tt7616910,Brewmance
tt21078310,Stoke the Fire
tt23464176,PlantWise
tt14287002,Beyond Dark Dreams
tt10719606,Intense Battles Reloaded
tt14348868,The Artist - A Documentary
tt10999838,Vietnam: Fast Forward
tt14513802,Pioneering Nevada&apos;s Basin and Range Trail
tt7685942,"parTy boi, black diamonds in ice castles"
tt11424466,"The Anthology of Julius, the Nigerian Immigrant"
tt13004044,Faces of the Dead 2: Exorcism
tt12492840,Le divorce de mes marrants
tt15366670,Lake Forest Park
tt14871306,The Book: False Prophet
tt14149232,Fishtales 4
tt13368010,Real Haunts: Ghost Towns
tt15503170,The Ghosts of Somerville: Mrs. Micks
tt15180234,Caillou and Penny
tt4745772,Honeychild
tt15111214,Secret Santa: A Christmas Adventure
tt15408722,Giving You a Thumbs up for 4 Hours
tt14872940,Frankenstein Ruins Halloween
tt13733824,Navigate
tt14824990,Empty Paradise
tt10612362,A Spark in Nothing
tt15309882,Tales of the Inexplicable
tt14443814,"ITER, the Grand Illusion: A Forensic Investigation of Power Claims"
tt13533592,Dangerous Creation
tt15830182,Fonti Flora
tt14065740,Christmas in Florida
tt13304294,Veterans Journey Home
tt11560898,After a Revolution
tt14811976,Jewelry of India
tt18298266,Opus Cope: An Algorithmic Opera
tt13892710,A Fandemic: 50 Fans Celebrate 50 Years of Cinema
tt15446786,The Grump Who Stole Christmas 2
tt13919164,Coming for the King
tt13563658,Trying Grace
tt10677764,Ocean of Obstacles
tt21318100,RiffTrax: Last Man on Earth
tt14076256,Deadly Numbers
tt15350956,Prank Bros
tt15508300,The Motorcycle Illustrated
tt13871408,Sweet Mahogany 2: Pure Indulgence
tt15170210,Fan Base
tt16532108,DeMonD the movie
tt13293766,Bigfoots and Yetis
tt14463660,The Alaska Thunderfuck Extra Special Comedy Special
tt13619218,Dead Or?
tt15192090,Kili Big
tt6001934,Rez Metal
tt12953178,Pros and Con Artists: The True Cost of Covid 19
tt14097918,Microbudget Marauders 3
tt15287766,Rifftrax Live: Amityville 4 - The Evil Escapes
tt15682092,Ultrapop: Live at the Masonic Temple
tt15379530,"Hope, Soledad"
tt16898138,Mega64 Version 4.1: Revengurrection
tt15180274,Myths &amp; Mutants
tt19893056,Til Death Do Us Part Journey to the Cross
tt14683798,Jia ting lu xiang
tt15209520,Love Art Revolution
tt14315966,Ferroequinology
tt13698116,Save Rosemary: The Trinity
tt16183408,The Silver Vindicator
tt14746270,A Quiet Dinner with Friends
tt14044472,The Desire to Live
tt14849568,Hypocritical
tt13616608,Last Call: The Shutdown of NYC Bars
tt14674964,Walk with Frank
tt14443820,Set the Record Straight: The Jam Master Jay Case
tt21944288,Butter 2: Four Wheel Flavored
tt13492264,00K9: No Time to Shed
tt15805936,Crafting Arzium
tt12564150,Joel D. Wynkoop&apos;s the Craiglon Incident
tt15010436,Rufus Does Judy at Capitol Studios
tt22023208,Broken Molds
tt5056288,America Boxed In
tt7339480,Stronger for Life
tt12422076,The Last Movie Ride
tt15113946,5D Love
tt14364910,Darla&apos;s Book Club: Discussing the Lord of the Rings
tt12498032,The Case of the Vanishing Gods
tt12438824,Crazed Isolation
tt14165648,Abq Comic Con!
tt14309356,Almost an Island
tt14016048,"9th Circuit Cowboy: The Long, Good Fight of Judge Harry Pregerson"
tt15072636,Vengeance Served Cold
tt15215608,Woods Fever
tt14486586,Where There Once Was Water
tt15772306,Preludes/Beginnings
tt17528764,Something Ain&apos;t Right
tt15758414,Sister
tt7105720,Answers to Questions You Didn&apos;t Know to Ask About Climate Change
tt14623966,Doppelgang
tt13787764,Romantic Chorus
tt8838884,Parkway of Broken Dreams
tt13292968,The Jester&apos;s Song
tt13642786,Sustainable Life with Unlimited Transformations
tt14134130,"A River Runs, Turns, Erases, Replaces"
tt14043296,Reach for the Rings
tt7361762,Laserium
tt11495806,Zidane Adams: The Black Blogger!
tt16235040,Praize A Thon
tt28441988,The Andalusian Man
tt16281722,Get Lost in the Outdoors the Movie: The Quest for the Junior Ranger Badge
tt15941166,AMIA&apos;s Archival Screening Night Roadshow Edition 2
tt14934586,On da Road: FRO Documentary 2021
tt13803068,The Real Ghost Seekers
tt15518444,Ramin Fallah
tt15248422,The King: A Christmas Story from a Heavenly Perspective
tt15766212,Spring and 3rd- The Story of the Yin Yang Cafe
tt14681556,All the Happy People
tt14463640,Against the Current
tt15269168,Bunker to Bunker
tt15314648,Movie for a Dreary Afternoon
tt15396826,For Roger
tt14623018,Lockdown: Uma História de Desinformação e Poder
tt6570044,Questions and Comments
tt13759630,Liquor House Comedy presents Julio Hennessey: Call the Law
tt15078998,Crystal Diaries
tt15527914,Moving San Francisco
tt13316918,Ed and Rooster&apos;s Great Adventure
tt14894830,Fish School: Cute Little Sea Horses
tt14682838,Vigilante
tt15382020,Rebuilding Hope: The Children of 9/11
tt14796556,Nizhalai Varumo
tt13992188,House of Cards: Rust
tt18925164,Uncomfortably Comfortable
tt20878986,Dimensions 3
tt14727330,Riding with a Spy
tt13806204,Lost &amp; Striving
tt15429992,Hollywood Fate
tt12786046,Rhymecology: Write Better Rhymes
tt14201710,My Yang Gang Diary
tt15405402,"The Bird (Or: Marty, Clown)"
tt15249846,Rifftrax Live: Hobgoblins
tt1347323,Deception
tt9201772,Mending the Line
tt8110652,Bodies Bodies Bodies
tt6710474,Everything Everywhere All at Once
